row_id,order_id,ship_mode,customer_id,customer_name,segment,country,city,state,postal_code,region,product_id,category,sub-category,product_name,sales,quantity,discount,profit,order_date,month,year,ship_date,Shipping_Days,Profit_Margin
1,CA-2016-152156,Second Class,CG-12520,Claire Gute,Consumer,United States,Henderson,Kentucky,42420,South,FUR-BO-10001798,Furniture,Bookcases,Bush Somerset Collection Bookcase,261.96,2,0.0,41.9136,2016-11-08,11,2016,2016-11-11,3,16.000000000000004
3,CA-2016-138688,Second Class,DV-13045,Darrin Van Huff,Corporate,United States,Los Angeles,California,90036,West,OFF-LA-10000240,Office Supplies,Labels,Self-Adhesive Address Labels for Typewriters by Universal,14.62,2,0.0,6.8714,2016-06-12,6,2016,2016-06-16,4,47.0
4,US-2015-108966,Standard Class,SO-20335,Sean O'Donnell,Consumer,United States,Fort Lauderdale,Florida,33311,South,FUR-TA-10000577,Furniture,Tables,Bretford CR4500 Series Slim Rectangular Table,957.5775,5,0.45,-383.031,2015-10-11,10,2015,2015-10-18,7,-40.0
6,CA-2014-115812,Standard Class,BH-11710,Brosina Hoffman,Consumer,United States,Los Angeles,California,90032,West,FUR-FU-10001487,Furniture,Furnishings,"Eldon Expressions Wood and Plastic Desk Accessories, Cherry Wood",48.86,7,0.0,14.1694,2014-06-09,6,2014,2014-06-14,5,28.999999999999996
13,CA-2017-114412,Standard Class,AA-10480,Andrew Allen,Consumer,United States,Concord,North Carolina,28027,South,OFF-PA-10002365,Office Supplies,Paper,Xerox 1967,15.552,3,0.2,5.4432,2017-04-15,4,2017,2017-04-20,5,35.0
14,CA-2016-161389,Standard Class,IM-15070,Irene Maddox,Consumer,United States,Seattle,Washington,98103,West,OFF-BI-10003656,Office Supplies,Binders,Fellowes PB200 Plastic Comb Binding Machine,407.976,3,0.2,132.5922,2016-12-05,12,2016,2016-12-10,5,32.49999999999999
15,US-2015-118983,Standard Class,HP-14815,Harold Pawlan,Home Office,United States,Fort Worth,Texas,76106,Central,OFF-AP-10002311,Office Supplies,Appliances,"Holmes Replacement Filter for HEPA Air Cleaner, Very Large Room, HEPA Filter",68.81,5,0.8,-123.858,2015-11-22,11,2015,2015-11-26,4,-180.0
17,CA-2014-105893,Standard Class,PK-19075,Pete Kriz,Consumer,United States,Madison,Wisconsin,53711,Central,OFF-ST-10004186,Office Supplies,Storage,"Stur-D-Stor Shelving, Vertical 5-Shelf: 72""H x 36""W x 18 1/2""D",665.88,6,0.0,13.3176,2014-11-11,11,2014,2014-11-18,7,2.0
18,CA-2014-167164,Second Class,AG-10270,Alejandro Grove,Consumer,United States,West Jordan,Utah,84084,West,OFF-ST-10000107,Office Supplies,Storage,Fellowes Super Stor/Drawer,55.5,2,0.0,9.99,2014-05-13,5,2014,2014-05-15,2,18.0
19,CA-2014-143336,Second Class,ZD-21925,Zuschuss Donatelli,Consumer,United States,San Francisco,California,94109,West,OFF-AR-10003056,Office Supplies,Art,Newell 341,8.56,2,0.0,2.4824,2014-08-27,9,2014,2014-09-01,5,28.999999999999996
22,CA-2016-137330,Standard Class,KB-16585,Ken Black,Corporate,United States,Fremont,Nebraska,68025,Central,OFF-AR-10000246,Office Supplies,Art,Newell 318,19.46,7,0.0,5.0596,2016-12-09,12,2016,2016-12-13,4,25.999999999999996
24,US-2017-156909,Second Class,SF-20065,Sandra Flanagan,Consumer,United States,Philadelphia,Pennsylvania,19140,East,FUR-CH-10002774,Furniture,Chairs,"Global Deluxe Stacking Chair, Gray",71.372,2,0.3,-1.0196,2017-07-16,7,2017,2017-07-18,2,-1.4285714285714286
25,CA-2015-106320,Standard Class,EB-13870,Emily Burns,Consumer,United States,Orem,Utah,84057,West,FUR-TA-10000577,Furniture,Tables,Bretford CR4500 Series Slim Rectangular Table,1044.63,3,0.0,240.2649,2015-09-25,9,2015,2015-09-30,5,23.0
26,CA-2016-121755,Second Class,EH-13945,Eric Hoffmann,Consumer,United States,Los Angeles,California,90049,West,OFF-BI-10001634,Office Supplies,Binders,Wilson Jones Active Use Binders,11.648,2,0.2,4.2224,2016-01-16,1,2016,2016-01-20,4,36.25000000000001
28,US-2015-150630,Standard Class,TB-21520,Tracy Blumstein,Consumer,United States,Philadelphia,Pennsylvania,19140,East,FUR-BO-10004834,Furniture,Bookcases,"Riverside Palais Royal Lawyers Bookcase, Royale Cherry Finish",3083.43,7,0.5,-1665.0522,2015-09-17,9,2015,2015-09-21,4,-54.0
35,CA-2017-107727,Second Class,MA-17560,Matt Abelman,Home Office,United States,Houston,Texas,77095,Central,OFF-PA-10000249,Office Supplies,Paper,Easy-staple paper,29.472,3,0.2,9.9468,2017-10-19,10,2017,2017-10-23,4,33.75
36,CA-2016-117590,First Class,GH-14485,Gene Hale,Corporate,United States,Richardson,Texas,75080,Central,TEC-PH-10004977,Technology,Phones,GE 30524EE4,1097.544,7,0.2,123.4737,2016-12-08,12,2016,2016-12-10,2,11.249999999999998
38,CA-2015-117415,Standard Class,SN-20710,Steve Nguyen,Home Office,United States,Houston,Texas,77041,Central,OFF-EN-10002986,Office Supplies,Envelopes,"#10-4 1/8"" x 9 1/2"" Premium Diagonal Seam Envelopes",113.328,9,0.2,35.415,2015-12-27,12,2015,2015-12-31,4,31.25
42,CA-2017-120999,Standard Class,LC-16930,Linda Cazamias,Corporate,United States,Naperville,Illinois,60540,Central,TEC-PH-10004093,Technology,Phones,Panasonic Kx-TS550,147.168,4,0.2,16.5564,2017-09-10,9,2017,2017-09-15,5,11.249999999999998
43,CA-2016-101343,Standard Class,RA-19885,Ruben Ausman,Corporate,United States,Los Angeles,California,90049,West,OFF-ST-10003479,Office Supplies,Storage,"Eldon Base for stackable storage shelf, platinum",77.88,2,0.0,3.894,2016-07-17,7,2016,2016-07-22,5,5.0
44,CA-2017-139619,Standard Class,ES-14080,Erin Smith,Corporate,United States,Melbourne,Florida,32935,South,OFF-ST-10003282,Office Supplies,Storage,"Advantus 10-Drawer Portable Organizer, Chrome Metal Frame, Smoke Drawers",95.616,2,0.2,9.5616,2017-09-19,9,2017,2017-09-23,4,10.0
45,CA-2016-118255,First Class,ON-18715,Odella Nelson,Corporate,United States,Eagan,Minnesota,55122,Central,TEC-AC-10000171,Technology,Accessories,"Verbatim 25 GB 6x Blu-ray Single Layer Recordable Disc, 25/Pack",45.98,2,0.0,19.7714,2016-03-11,3,2016,2016-03-13,2,43.00000000000001
47,CA-2014-146703,Second Class,PO-18865,Patrick O'Donnell,Consumer,United States,Westland,Michigan,48185,Central,OFF-ST-10001713,Office Supplies,Storage,"Gould Plastics 9-Pocket Panel Bin, 18-3/8w x 5-1/4d x 20-1/2h, Black",211.96,4,0.0,8.4784,2014-10-20,10,2014,2014-10-25,5,4.0
48,CA-2016-169194,Standard Class,LH-16900,Lena Hernandez,Consumer,United States,Dover,Delaware,19901,East,TEC-AC-10002167,Technology,Accessories,Imation 8gb Micro Traveldrive Usb 2.0 Flash Drive,45.0,3,0.0,4.95,2016-06-20,6,2016,2016-06-25,5,11.0
50,CA-2015-115742,Standard Class,DP-13000,Darren Powers,Consumer,United States,New Albany,Indiana,47150,Central,OFF-BI-10004410,Office Supplies,Binders,"C-Line Peel & Stick Add-On Filing Pockets, 8-3/4 x 5-1/8, 10/Pack",38.22,6,0.0,17.9634,2015-04-18,4,2015,2015-04-22,4,47.0
54,CA-2016-105816,Standard Class,JM-15265,Janet Molinari,Corporate,United States,New York City,New York,10024,East,OFF-FA-10000304,Office Supplies,Fasteners,Advantus Push Pins,15.26,7,0.0,6.2566,2016-12-11,12,2016,2016-12-17,6,41.0
56,CA-2016-111682,First Class,TB-21055,Ted Butterfield,Consumer,United States,Troy,New York,12180,East,OFF-ST-10000604,Office Supplies,Storage,Home/Office Personal File Carts,208.56,6,0.0,52.14,2016-06-17,6,2016,2016-06-18,1,25.0
63,CA-2015-135545,Standard Class,KM-16720,Kunst Miller,Consumer,United States,Los Angeles,California,90004,West,TEC-AC-10004633,Technology,Accessories,"Verbatim 25 GB 6x Blu-ray Single Layer Recordable Disc, 3/Pack",13.98,2,0.0,6.1512,2015-11-24,11,2015,2015-11-30,6,44.0
67,US-2015-164175,Standard Class,PS-18970,Paul Stevenson,Home Office,United States,Chicago,Illinois,60610,Central,FUR-CH-10001146,Furniture,Chairs,"Global Value Mid-Back Manager's Chair, Gray",213.115,5,0.3,-15.2225,2015-04-30,5,2015,2015-05-05,5,-7.142857142857142
68,CA-2014-106376,Standard Class,BS-11590,Brendan Sweed,Corporate,United States,Gilbert,Arizona,85234,West,OFF-AR-10002671,Office Supplies,Art,"Hunt BOSTON Model 1606 High-Volume Electric Pencil Sharpener, Beige",1113.024,8,0.2,111.3024,2014-12-05,12,2014,2014-12-10,5,10.000000000000002
70,CA-2016-119823,First Class,KD-16270,Karen Daniels,Consumer,United States,Springfield,Virginia,22153,South,OFF-PA-10000482,Office Supplies,Paper,"Snap-A-Way Black Print Carbonless Ruled Speed Letter, Triplicate",75.88,2,0.0,35.6636,2016-06-04,6,2016,2016-06-06,2,47.00000000000001
71,CA-2016-106075,Standard Class,HM-14980,Henry MacAllister,Consumer,United States,New York City,New York,10009,East,OFF-BI-10004654,Office Supplies,Binders,Avery Binding System Hidden Tab Executive Style Index Sets,4.616,1,0.2,1.731,2016-09-18,9,2016,2016-09-23,5,37.50000000000001
72,CA-2017-114440,Second Class,TB-21520,Tracy Blumstein,Consumer,United States,Jackson,Michigan,49201,Central,OFF-PA-10004675,Office Supplies,Paper,"Telephone Message Books with Fax/Mobile Section, 5 1/2"" x 3 3/16""",19.05,3,0.0,8.763,2017-09-14,9,2017,2017-09-17,3,46.0
73,US-2015-134026,Standard Class,JE-15745,Joel Eaton,Consumer,United States,Memphis,Tennessee,38109,South,FUR-CH-10000513,Furniture,Chairs,High-Back Leather Manager's Chair,831.936,8,0.2,-114.3912,2015-04-26,5,2015,2015-05-02,6,-13.749999999999998
76,US-2017-118038,First Class,KB-16600,Ken Brennan,Corporate,United States,Houston,Texas,77041,Central,OFF-BI-10004182,Office Supplies,Binders,Economy Binders,1.248,3,0.8,-1.9344,2017-12-09,12,2017,2017-12-11,2,-154.99999999999997
79,US-2014-147606,Second Class,JE-15745,Joel Eaton,Consumer,United States,Houston,Texas,77070,Central,FUR-FU-10003194,Furniture,Furnishings,"Eldon Expressions Desk Accessory, Wood Pencil Holder, Oak",19.3,5,0.6,-14.475,2014-11-26,12,2014,2014-12-01,5,-75.0
82,CA-2014-139451,Standard Class,DN-13690,Duane Noonan,Consumer,United States,San Francisco,California,94122,West,OFF-AR-10002053,Office Supplies,Art,"Premium Writing Pencils, Soft, #2 by Central Association for the Blind",14.9,5,0.0,4.172,2014-10-12,10,2014,2014-10-16,4,27.999999999999996
84,CA-2015-149734,Standard Class,JC-16105,Julie Creighton,Corporate,United States,Durham,North Carolina,27707,South,OFF-EN-10000927,Office Supplies,Envelopes,Jet-Pak Recycled Peel 'N' Seal Padded Mailers,200.984,7,0.2,62.8075,2015-09-03,9,2015,2015-09-08,5,31.25
85,US-2017-119662,First Class,CS-12400,Christopher Schild,Home Office,United States,Chicago,Illinois,60623,Central,OFF-ST-10003656,Office Supplies,Storage,Safco Industrial Wire Shelving,230.376,3,0.2,-48.9549,2017-11-13,11,2017,2017-11-16,3,-21.25
86,CA-2017-140088,Second Class,PO-18865,Patrick O'Donnell,Consumer,United States,Columbia,South Carolina,29203,South,FUR-CH-10000863,Furniture,Chairs,Novimex Swivel Fabric Task Chair,301.96,2,0.0,33.2156,2017-05-28,5,2017,2017-05-30,2,11.000000000000002
87,CA-2017-155558,Standard Class,PG-18895,Paul Gonzalez,Consumer,United States,Rochester,Minnesota,55901,Central,TEC-AC-10001998,Technology,Accessories,Logitech LS21 Speaker System - PC Multimedia - 2.1-CH - Wired,19.99,1,0.0,6.7966,2017-10-26,11,2017,2017-11-02,7,34.0
89,CA-2016-159695,Second Class,GM-14455,Gary Mitchum,Home Office,United States,Houston,Texas,77095,Central,OFF-ST-10003442,Office Supplies,Storage,Eldon Portable Mobile Manager,158.368,7,0.2,13.8572,2016-04-05,4,2016,2016-04-10,5,8.75
90,CA-2016-109806,Standard Class,JS-15685,Jim Sink,Corporate,United States,Los Angeles,California,90036,West,OFF-AR-10004930,Office Supplies,Art,Turquoise Lead Holder with Pocket Clip,20.1,3,0.0,6.633,2016-09-17,9,2016,2016-09-22,5,32.99999999999999
93,CA-2015-149587,Second Class,KB-16315,Karl Braun,Consumer,United States,Minneapolis,Minnesota,55407,Central,OFF-PA-10003177,Office Supplies,Paper,Xerox 1999,12.96,2,0.0,6.2208,2015-01-31,2,2015,2015-02-05,5,47.99999999999999
96,US-2017-109484,Standard Class,RB-19705,Roger Barcio,Home Office,United States,Portland,Oregon,97206,West,OFF-BI-10004738,Office Supplies,Binders,Flexible Leather- Look Classic Collection Ring Binder,5.682,1,0.7,-3.788,2017-11-06,11,2017,2017-11-12,6,-66.66666666666666
97,CA-2017-161018,Second Class,PN-18775,Parhena Norris,Home Office,United States,New York City,New York,10009,East,FUR-FU-10000629,Furniture,Furnishings,9-3/4 Diameter Round Wall Clock,96.53,7,0.0,40.5426,2017-11-09,11,2017,2017-11-11,2,42.0
98,CA-2017-157833,First Class,KD-16345,Katherine Ducich,Consumer,United States,San Francisco,California,94122,West,OFF-BI-10001721,Office Supplies,Binders,Trimflex Flexible Post Binders,51.312,3,0.2,17.9592,2017-06-17,6,2017,2017-06-20,3,35.0
99,CA-2016-149223,Standard Class,ER-13855,Elpida Rittenbach,Corporate,United States,Saint Paul,Minnesota,55106,Central,OFF-AP-10000358,Office Supplies,Appliances,Fellowes Basic Home/Office Series Surge Protectors,77.88,6,0.0,22.5852,2016-09-06,9,2016,2016-09-11,5,29.000000000000004
100,CA-2016-158568,Standard Class,RB-19465,Rick Bensley,Home Office,United States,Chicago,Illinois,60610,Central,OFF-PA-10003256,Office Supplies,Paper,Avery Personal Creations Heavyweight Cards,64.624,7,0.2,22.6184,2016-08-29,9,2016,2016-09-02,4,35.0
103,CA-2016-129903,Second Class,GZ-14470,Gary Zandusky,Consumer,United States,Rochester,Minnesota,55901,Central,OFF-PA-10004040,Office Supplies,Paper,Universal Premium White Copier/Laser Paper (20Lb. and 87 Bright),23.92,4,0.0,11.7208,2016-12-01,12,2016,2016-12-04,3,49.0
104,US-2015-156867,Standard Class,LC-16870,Lena Cacioppo,Consumer,United States,Aurora,Colorado,80013,West,TEC-AC-10001552,Technology,Accessories,Logitech K350 2.4Ghz Wireless Keyboard,238.896,6,0.2,-26.8758,2015-11-13,11,2015,2015-11-17,4,-11.250000000000002
107,CA-2017-119004,Standard Class,JM-15250,Janet Martin,Consumer,United States,Charlotte,North Carolina,28205,South,TEC-AC-10003499,Technology,Accessories,Memorex Mini Travel Drive 8 GB USB 2.0 Flash Drive,74.112,8,0.2,17.6016,2017-11-23,11,2017,2017-11-28,5,23.750000000000004
110,CA-2015-129476,Standard Class,PA-19060,Pete Armstrong,Home Office,United States,Orland Park,Illinois,60462,Central,TEC-AC-10000844,Technology,Accessories,Logitech Gaming G510s - Keyboard,339.96,5,0.2,67.992,2015-10-15,10,2015,2015-10-20,5,20.000000000000004
111,CA-2017-146780,Standard Class,CV-12805,Cynthia Voltz,Corporate,United States,New York City,New York,10035,East,FUR-FU-10001934,Furniture,Furnishings,Magnifier Swing Arm Lamp,41.96,2,0.0,10.9096,2017-12-25,12,2017,2017-12-30,5,25.999999999999996
112,CA-2016-128867,Standard Class,CL-12565,Clay Ludtke,Consumer,United States,Urbandale,Iowa,50322,Central,OFF-AR-10000380,Office Supplies,Art,"Hunt PowerHouse Electric Pencil Sharpener, Blue",75.96,2,0.0,22.788,2016-11-03,11,2016,2016-11-10,7,30.000000000000004
114,CA-2014-115259,Second Class,RC-19960,Ryan Crowe,Consumer,United States,Columbus,Ohio,43229,East,OFF-FA-10000621,Office Supplies,Fasteners,"OIC Colored Binder Clips, Assorted Sizes",40.096,14,0.2,14.5348,2014-08-25,8,2014,2014-08-27,2,36.25000000000001
118,CA-2015-110457,Standard Class,DK-13090,Dave Kipp,Consumer,United States,Seattle,Washington,98103,West,FUR-TA-10001768,Furniture,Tables,Hon Racetrack Conference Tables,787.53,3,0.0,165.3813,2015-03-02,3,2015,2015-03-06,4,21.000000000000004
119,US-2015-136476,Standard Class,GG-14650,Greg Guthrie,Corporate,United States,Bristol,Tennessee,37620,South,OFF-BI-10003650,Office Supplies,Binders,GBC DocuBind 300 Electric Binding Machine,157.794,1,0.7,-115.7156,2015-04-05,4,2015,2015-04-10,5,-73.33333333333333
125,US-2014-152030,Second Class,AD-10180,Alan Dominguez,Home Office,United States,Houston,Texas,77041,Central,FUR-CH-10004063,Furniture,Chairs,Global Deluxe High-Back Manager's Chair,600.558,3,0.3,-8.5794,2014-12-26,12,2014,2014-12-28,2,-1.4285714285714286
126,US-2014-134614,Standard Class,PF-19165,Philip Fox,Consumer,United States,Bloomington,Illinois,61701,Central,FUR-TA-10004534,Furniture,Tables,Bevis 44 x 96 Conference Tables,617.7,6,0.5,-407.682,2014-09-20,9,2014,2014-09-25,5,-66.0
127,US-2017-107272,Standard Class,TS-21610,Troy Staebel,Consumer,United States,Phoenix,Arizona,85023,West,OFF-BI-10003274,Office Supplies,Binders,"Avery Durable Slant Ring Binders, No Labels",2.388,2,0.7,-1.8308,2017-11-05,11,2017,2017-11-12,7,-76.66666666666667
129,US-2016-125969,Second Class,LS-16975,Lindsay Shagiari,Home Office,United States,Los Angeles,California,90004,West,FUR-CH-10001146,Furniture,Chairs,"Global Task Chair, Black",81.424,2,0.2,-9.1602,2016-11-06,11,2016,2016-11-10,4,-11.249999999999998
131,US-2017-164147,First Class,DW-13585,Dorothy Wardle,Corporate,United States,Columbus,Ohio,43229,East,TEC-PH-10002293,Technology,Phones,Anker 36W 4-Port USB Wall Charger Travel Power Adapter for iPhone 5s 5c 5,59.97,5,0.4,-11.994,2017-02-02,2,2017,2017-02-05,3,-20.0
134,CA-2016-145583,Standard Class,LC-16885,Lena Creighton,Consumer,United States,Roseville,California,95661,West,OFF-PA-10001804,Office Supplies,Paper,Xerox 195,20.04,3,0.0,9.6192,2016-10-13,10,2016,2016-10-19,6,48.0
141,CA-2016-110366,Second Class,JD-15895,Jonathan Doherty,Corporate,United States,Philadelphia,Pennsylvania,19140,East,FUR-FU-10004848,Furniture,Furnishings,"Howard Miller 13-3/4"" Diameter Brushed Chrome Round Wall Clock",82.8,2,0.2,10.35,2016-09-05,9,2016,2016-09-07,2,12.5
142,CA-2017-106180,Standard Class,SH-19975,Sally Hughsby,Corporate,United States,San Francisco,California,94122,West,OFF-AR-10000940,Office Supplies,Art,Newell 343,8.82,3,0.0,2.3814,2017-09-18,9,2017,2017-09-23,5,27.0
145,CA-2017-155376,Standard Class,SG-20080,Sandra Glassco,Consumer,United States,Independence,Missouri,64055,Central,OFF-AP-10001058,Office Supplies,Appliances,Sanyo 2.5 Cubic Foot Mid-Size Office Refrigerators,839.43,3,0.0,218.2518,2017-12-22,12,2017,2017-12-27,5,26.0
146,CA-2015-110744,Standard Class,HA-14920,Helen Andreada,Consumer,United States,Pasadena,California,91104,West,OFF-ST-10003656,Office Supplies,Storage,Safco Industrial Wire Shelving,671.93,7,0.0,20.1579,2015-09-07,9,2015,2015-09-12,5,3.0000000000000004
147,CA-2014-110072,Standard Class,MG-17680,Maureen Gastineau,Home Office,United States,Newark,Ohio,43055,East,FUR-FU-10000521,Furniture,Furnishings,"Seth Thomas 14"" Putty-Colored Wall Clock",93.888,4,0.2,12.9096,2014-10-22,10,2014,2014-10-28,6,13.749999999999998
152,CA-2016-158834,First Class,TW-21025,Tamara Willingham,Home Office,United States,Scottsdale,Arizona,85254,West,OFF-AP-10000326,Office Supplies,Appliances,Belkin 7 Outlet SurgeMaster Surge Protector with Phone Protection,157.92,5,0.2,17.766,2016-03-13,3,2016,2016-03-16,3,11.25
154,CA-2015-124919,First Class,SP-20650,Stephanie Phelps,Corporate,United States,San Jose,California,95123,West,OFF-PA-10001950,Office Supplies,Paper,Southworth 25% Cotton Antique Laid Paper & Envelopes,58.38,7,0.0,26.271,2015-05-31,6,2015,2015-06-02,2,45.0
157,CA-2015-118948,Standard Class,NK-18490,Neil Knudson,Home Office,United States,Seattle,Washington,98105,West,OFF-AR-10001547,Office Supplies,Art,Newell 311,6.63,3,0.0,1.7901,2015-05-28,6,2015,2015-06-03,6,27.0
158,CA-2014-104269,Second Class,DB-13060,Dave Brooks,Consumer,United States,Seattle,Washington,98115,West,FUR-CH-10004063,Furniture,Chairs,Global Deluxe High-Back Manager's Chair,457.568,2,0.2,51.4764,2014-03-01,3,2014,2014-03-06,5,11.25
159,CA-2016-114104,Standard Class,NP-18670,Nora Paige,Consumer,United States,Edmond,Oklahoma,73034,Central,OFF-LA-10002475,Office Supplies,Labels,Avery 519,14.62,2,0.0,6.8714,2016-11-20,11,2016,2016-11-24,4,47.0
161,CA-2016-162733,First Class,TT-21070,Ted Trevino,Consumer,United States,Los Angeles,California,90045,West,OFF-PA-10002751,Office Supplies,Paper,Xerox 1920,5.98,1,0.0,2.691,2016-05-11,5,2016,2016-05-12,1,44.99999999999999
162,CA-2015-119697,Second Class,EM-13960,Eric Murdock,Consumer,United States,Philadelphia,Pennsylvania,19134,East,TEC-AC-10003657,Technology,Accessories,Lenovo 17-Key USB Numeric Keypad,54.384,2,0.2,1.3596,2015-12-28,12,2015,2015-12-31,3,2.5
163,CA-2016-154508,Standard Class,RD-19900,Ruben Dartt,Consumer,United States,Carlsbad,New Mexico,88220,West,OFF-EN-10001990,Office Supplies,Envelopes,Staple envelope,28.4,5,0.0,13.348,2016-11-16,11,2016,2016-11-20,4,47.0
164,CA-2016-113817,Standard Class,MJ-17740,Max Jones,Consumer,United States,Seattle,Washington,98115,West,OFF-BI-10004002,Office Supplies,Binders,Wilson Jones International Size A4 Ring Binders,27.68,2,0.2,9.688,2016-11-07,11,2016,2016-11-11,4,35.0
165,CA-2014-139892,Standard Class,BM-11140,Becky Martin,Consumer,United States,San Antonio,Texas,78207,Central,OFF-AR-10004441,Office Supplies,Art,BIC Brite Liner Highlighters,9.936,3,0.2,2.7324,2014-09-08,9,2014,2014-09-12,4,27.500000000000004
172,CA-2014-118962,Standard Class,CS-12130,Chad Sievert,Consumer,United States,Los Angeles,California,90004,West,OFF-PA-10000659,Office Supplies,Paper,"Adams Phone Message Book, Professional, 400 Message Capacity, 5 3/6 x 11",20.94,3,0.0,9.8418,2014-08-05,8,2014,2014-08-09,4,46.99999999999999
175,US-2014-100853,Standard Class,JB-15400,Jennifer Braxton,Corporate,United States,Chicago,Illinois,60623,Central,OFF-AP-10000891,Office Supplies,Appliances,Kensington 7 Outlet MasterPiece HOMEOFFICE Power Control Center,52.448,2,0.8,-131.12,2014-09-14,9,2014,2014-09-19,5,-250.0
177,US-2017-152366,Second Class,SJ-20500,Shirley Jackson,Consumer,United States,Houston,Texas,77036,Central,OFF-AP-10002684,Office Supplies,Appliances,"Acco 7-Outlet Masterpiece Power Center, Wihtout Fax/Phone Line Protection",97.264,4,0.8,-243.16,2017-04-21,4,2017,2017-04-25,4,-250.0
178,US-2015-101511,Second Class,JE-15745,Joel Eaton,Consumer,United States,Newark,Ohio,43055,East,FUR-CH-10004698,Furniture,Chairs,"Padded Folding Chairs, Black, 4/Carton",396.802,7,0.3,-11.3372,2015-11-21,11,2015,2015-11-23,2,-2.8571428571428568
180,CA-2015-137225,Standard Class,JK-15640,Jim Kriz,Home Office,United States,New York City,New York,10009,East,OFF-AR-10001940,Office Supplies,Art,"Sanford Colorific Eraseable Coloring Pencils, 12 Count",3.28,1,0.0,1.4104,2015-12-15,12,2015,2015-12-19,4,43.00000000000001
183,CA-2014-158274,Second Class,RM-19675,Robert Marley,Home Office,United States,Monroe,Louisiana,71203,South,TEC-PH-10003273,Technology,Phones,AT&T TR1909W,503.96,4,0.0,131.0296,2014-11-19,11,2014,2014-11-24,5,26.0
186,CA-2016-105018,Standard Class,SK-19990,Sally Knutson,Consumer,United States,Fairfield,Connecticut,6824,East,OFF-BI-10001890,Office Supplies,Binders,Avery Poly Binder Pockets,7.16,2,0.0,3.4368,2016-11-28,12,2016,2016-12-02,4,48.0
187,CA-2014-123260,Standard Class,FM-14290,Frank Merwin,Home Office,United States,Los Angeles,California,90032,West,TEC-AC-10002323,Technology,Accessories,SanDisk Ultra 32 GB MicroSDHC Class 10 Memory Card,176.8,8,0.0,22.984,2014-08-26,8,2014,2014-08-30,4,13.0
188,CA-2016-157000,Standard Class,AM-10360,Alice McCarthy,Corporate,United States,Grand Prairie,Texas,75051,Central,OFF-ST-10001328,Office Supplies,Storage,"Personal Filing Tote with Lid, Black/Gray",37.224,3,0.2,3.7224,2016-07-16,7,2016,2016-07-22,6,10.0
190,CA-2015-102281,First Class,MP-17470,Mark Packer,Home Office,United States,New York City,New York,10035,East,FUR-BO-10002613,Furniture,Bookcases,"Atlantic Metals Mobile 4-Shelf Bookcases, Custom Colors",899.136,4,0.2,112.392,2015-10-12,10,2015,2015-10-14,2,12.5
195,CA-2015-131457,Standard Class,MZ-17515,Mary Zewe,Corporate,United States,Redlands,California,92374,West,OFF-EN-10001509,Office Supplies,Envelopes,Poly String Tie Envelopes,14.28,7,0.0,6.7116,2015-10-31,11,2015,2015-11-06,6,47.0
196,CA-2014-140004,Standard Class,CB-12025,Cassandra Brandow,Consumer,United States,Hamilton,Ohio,45011,East,OFF-AR-10004685,Office Supplies,Art,"Binney & Smith Crayola Metallic Colored Pencils, 8-Color Set",7.408,2,0.2,1.2038,2014-03-21,3,2014,2014-03-25,4,16.249999999999996
199,US-2017-124303,Standard Class,FH-14365,Fred Hopkins,Corporate,United States,Philadelphia,Pennsylvania,19120,East,OFF-BI-10000343,Office Supplies,Binders,"Pressboard Covers with Storage Hooks, 9 1/2"" x 11"", Light Blue",2.946,2,0.7,-2.2586,2017-07-06,7,2017,2017-07-13,7,-76.66666666666666
201,CA-2017-105074,Standard Class,MB-17305,Maria Bertelson,Consumer,United States,Akron,Ohio,44312,East,OFF-PA-10002666,Office Supplies,Paper,Southworth 25% Cotton Linen-Finish Paper & Envelopes,21.744,3,0.2,6.795,2017-06-24,6,2017,2017-06-29,5,31.25
202,CA-2014-133690,First Class,BS-11755,Bruce Stewart,Consumer,United States,Denver,Colorado,80219,West,FUR-TA-10004289,Furniture,Tables,BoxOffice By Design Rectangular and Half-Moon Meeting Room Tables,218.75,2,0.5,-161.875,2014-08-03,8,2014,2014-08-05,2,-74.0
204,US-2017-116701,Second Class,LC-17140,Logan Currie,Consumer,United States,Dallas,Texas,75220,Central,OFF-AP-10003217,Office Supplies,Appliances,Eureka Sanitaire  Commercial Upright,66.284,2,0.8,-178.9668,2017-12-17,12,2017,2017-12-21,4,-270.0
205,CA-2017-126382,Standard Class,HK-14890,Heather Kirkland,Corporate,United States,Franklin,Tennessee,37064,South,FUR-FU-10002960,Furniture,Furnishings,"Eldon 200 Class Desk Accessories, Burgundy",35.168,7,0.2,9.6712,2017-06-03,6,2017,2017-06-07,4,27.500000000000004
207,CA-2017-135860,Standard Class,JH-15985,Joseph Holt,Consumer,United States,Saginaw,Michigan,48601,Central,OFF-ST-10000642,Office Supplies,Storage,"Tennsco Lockers, Gray",83.92,4,0.0,5.8744,2017-12-01,12,2017,2017-12-07,6,6.999999999999999
212,CA-2015-101007,Second Class,MS-17980,Michael Stewart,Corporate,United States,Dallas,Texas,75220,Central,TEC-AC-10001266,Technology,Accessories,Memorex Micro Travel Drive 8 GB,20.8,2,0.2,6.5,2015-02-09,2,2015,2015-02-13,4,31.25
213,CA-2015-146262,Standard Class,VW-21775,Victoria Wilson,Corporate,United States,Medina,Ohio,44256,East,OFF-LA-10004544,Office Supplies,Labels,Avery 505,23.68,2,0.2,8.88,2015-01-02,1,2015,2015-01-09,7,37.50000000000001
218,CA-2016-130162,Standard Class,JH-15910,Jonathan Howell,Consumer,United States,Los Angeles,California,90032,West,OFF-ST-10001328,Office Supplies,Storage,"Personal Filing Tote with Lid, Black/Gray",93.06,6,0.0,26.0568,2016-10-28,11,2016,2016-11-01,4,27.999999999999996
220,CA-2015-169397,First Class,JB-15925,Joni Blumstein,Consumer,United States,Dublin,Ohio,43017,East,OFF-FA-10000585,Office Supplies,Fasteners,OIC Bulk Pack Metal Binder Clips,5.584,2,0.2,1.8148,2015-12-24,12,2015,2015-12-27,3,32.5
226,CA-2015-163055,Standard Class,DS-13180,David Smith,Corporate,United States,Detroit,Michigan,48227,Central,OFF-AR-10001026,Office Supplies,Art,"Sanford Uni-Blazer View Highlighters, Chisel Tip, Yellow",2.2,1,0.0,0.968,2015-08-09,8,2015,2015-08-16,7,43.99999999999999
229,US-2015-145436,Standard Class,VD-21670,Valerie Dominguez,Consumer,United States,Columbia,Tennessee,38401,South,FUR-CH-10004860,Furniture,Chairs,Global Low Back Tilter Chair,161.568,2,0.2,-28.2744,2015-02-28,3,2015,2015-03-04,4,-17.5
231,US-2014-156216,Standard Class,EA-14035,Erin Ashbrook,Corporate,United States,Charlotte,North Carolina,28205,South,OFF-BI-10001679,Office Supplies,Binders,GBC Instant Index System for Binding Systems,18.648,7,0.7,-12.432,2014-09-13,9,2014,2014-09-17,4,-66.66666666666667
232,US-2017-100930,Standard Class,CS-12400,Christopher Schild,Home Office,United States,Tampa,Florida,33614,South,FUR-TA-10001705,Furniture,Tables,Bush Advantage Collection Round Conference Table,233.86,2,0.45,-102.048,2017-04-07,4,2017,2017-04-12,5,-43.63636363636363
237,CA-2017-160514,Standard Class,DB-13120,David Bremer,Corporate,United States,Santa Clara,California,95051,West,OFF-PA-10002479,Office Supplies,Paper,Xerox 4200 Series MultiUse Premium Copy Paper (20Lb. and 84 Bright),10.56,2,0.0,4.752,2017-11-12,11,2017,2017-11-16,4,44.99999999999999
245,CA-2014-131926,Second Class,DW-13480,Dianna Wilson,Home Office,United States,Lakeville,Minnesota,55044,Central,FUR-CH-10004063,Furniture,Chairs,Global Deluxe High-Back Manager's Chair,2001.86,7,0.0,580.5394,2014-06-01,6,2014,2014-06-06,5,29.000000000000004
250,CA-2016-154739,Second Class,LH-17155,Logan Haushalter,Consumer,United States,San Francisco,California,94109,West,FUR-CH-10002965,Furniture,Chairs,"Global Leather Highback Executive Chair with Pneumatic Height Adjustment, Black",321.568,2,0.2,28.1372,2016-12-10,12,2016,2016-12-15,5,8.75
251,CA-2016-145625,Standard Class,KC-16540,Kelly Collister,Consumer,United States,San Diego,California,92037,West,OFF-PA-10004569,Office Supplies,Paper,"Wirebound Message Books, Two 4 1/4"" x 5"" Forms per Page",7.61,1,0.0,3.5767,2016-09-11,9,2016,2016-09-17,6,47.0
255,US-2015-159982,Standard Class,DR-12880,Dan Reichenbach,Corporate,United States,Chicago,Illinois,60623,Central,FUR-FU-10002505,Furniture,Furnishings,Eldon 100 Class Desk Accessories,12.132,9,0.6,-8.4924,2015-11-28,12,2015,2015-12-04,6,-70.0
262,US-2017-155299,Standard Class,Dl-13600,Dorris liebe,Corporate,United States,Pasadena,Texas,77506,Central,OFF-AP-10002203,Office Supplies,Appliances,Eureka Disposable Bags for Sanitaire Vibra Groomer I Upright Vac,1.624,2,0.8,-4.466,2017-06-08,6,2017,2017-06-12,4,-275.0
263,US-2014-106992,Second Class,SB-20290,Sean Braxton,Corporate,United States,Houston,Texas,77036,Central,TEC-MA-10000822,Technology,Machines,Lexmark MX611dhe Monochrome Laser Printer,3059.982,3,0.4,-509.997,2014-09-19,9,2014,2014-09-21,2,-16.666666666666668
265,CA-2016-125318,Standard Class,RC-19825,Roy Collins,Consumer,United States,Chicago,Illinois,60610,Central,TEC-PH-10001433,Technology,Phones,Cisco Small Business SPA 502G VoIP phone,328.224,4,0.2,28.7196,2016-06-06,6,2016,2016-06-13,7,8.75
266,CA-2015-155040,Standard Class,AH-10210,Alan Hwang,Consumer,United States,Brentwood,California,94513,West,TEC-AC-10004469,Technology,Accessories,Microsoft Sculpt Comfort Mouse,79.9,2,0.0,35.156,2015-11-10,11,2015,2015-11-15,5,43.99999999999999
267,CA-2017-136826,Standard Class,CB-12535,Claudia Bergmann,Corporate,United States,Chapel Hill,North Carolina,27514,South,OFF-AR-10003602,Office Supplies,Art,"Quartet Omega Colored Chalk, 12/Pack",14.016,3,0.2,4.7304,2017-06-16,6,2017,2017-06-20,4,33.75
268,CA-2016-111010,Standard Class,PG-18895,Paul Gonzalez,Consumer,United States,Morristown,New Jersey,7960,East,OFF-FA-10003472,Office Supplies,Fasteners,Bagged Rubber Bands,7.56,6,0.0,0.3024,2016-01-22,1,2016,2016-01-28,6,4.0
271,CA-2017-163979,Second Class,KH-16690,Kristen Hastings,Corporate,United States,San Francisco,California,94110,West,OFF-ST-10003208,Office Supplies,Storage,Adjustable Depth Letter/Legal Cart,725.84,4,0.0,210.4936,2017-12-28,1,2018,2018-01-02,5,28.999999999999996
272,CA-2015-155334,First Class,HA-14920,Helen Andreada,Consumer,United States,San Francisco,California,94109,West,TEC-AC-10003628,Technology,Accessories,Logitech 910-002974 M325 Wireless Mouse for Web Scrolling,209.93,7,0.0,92.3692,2015-07-30,7,2015,2015-07-31,1,44.0
275,CA-2017-118136,First Class,BB-10990,Barry Blumstein,Corporate,United States,Inglewood,California,90301,West,OFF-PA-10002615,Office Supplies,Paper,"Ampad Gold Fibre Wirebound Steno Books, 6"" x 9"", Gregg Ruled",8.82,2,0.0,4.0572,2017-09-16,9,2017,2017-09-17,1,46.0
277,CA-2017-132976,Standard Class,AG-10495,Andrew Gjertsen,Corporate,United States,Philadelphia,Pennsylvania,19140,East,OFF-PA-10000673,Office Supplies,Paper,"Post-it Important Message Note Pad, Neon Colors, 50 Sheets/Pad",11.648,2,0.2,4.0768,2017-10-13,10,2017,2017-10-17,4,35.0
281,US-2015-161991,Second Class,SC-20725,Steven Cartwright,Consumer,United States,Houston,Texas,77070,Central,OFF-BI-10004967,Office Supplies,Binders,Round Ring Binders,2.08,5,0.8,-3.432,2015-09-26,9,2015,2015-09-28,2,-165.0
283,CA-2015-130890,Standard Class,JO-15280,Jas O'Carroll,Consumer,United States,Los Angeles,California,90004,West,FUR-TA-10002903,Furniture,Tables,"Bevis Round Bullnose 29"" High Table Top",1038.84,5,0.2,51.942,2015-11-02,11,2015,2015-11-06,4,5.0
287,CA-2016-112697,Second Class,AH-10195,Alan Haines,Corporate,United States,Tamarac,Florida,33319,South,OFF-BI-10000778,Office Supplies,Binders,GBC VeloBinder Electric Binding Machine,254.058,7,0.7,-169.372,2016-12-18,12,2016,2016-12-20,2,-66.66666666666667
304,US-2017-152380,Standard Class,JH-15910,Jonathan Howell,Consumer,United States,Chicago,Illinois,60623,Central,FUR-TA-10002533,Furniture,Tables,BPI Conference Tables,219.075,3,0.5,-131.445,2017-11-19,11,2017,2017-11-23,4,-60.0
305,CA-2015-144253,Second Class,AS-10225,Alan Schoenberger,Corporate,United States,New York City,New York,10024,East,FUR-FU-10002671,Furniture,Furnishings,Electrix 20W Halogen Replacement Bulb for Zoom-In Desk Lamp,26.8,2,0.0,12.864,2015-05-04,5,2015,2015-05-09,5,48.00000000000001
306,CA-2014-130960,Standard Class,KB-16600,Ken Brennan,Corporate,United States,Taylor,Michigan,48180,Central,OFF-AR-10003651,Office Supplies,Art,Newell 350,9.84,3,0.0,2.8536,2014-12-30,1,2015,2015-01-04,5,29.000000000000004
310,CA-2016-142902,Second Class,BP-11185,Ben Peterman,Corporate,United States,Arvada,Colorado,80004,West,FUR-FU-10001918,Furniture,Furnishings,C-Line Cubicle Keepers Polyproplyene Holder With Velcro Backings,15.136,4,0.2,3.5948,2016-09-12,9,2016,2016-09-14,2,23.75
314,CA-2014-120887,Standard Class,TS-21205,Thomas Seio,Corporate,United States,Hackensack,New Jersey,7601,East,FUR-FU-10001588,Furniture,Furnishings,"Deflect-o SuperTray Unbreakable Stackable Tray, Letter, Black",87.54,3,0.0,37.6422,2014-09-27,10,2014,2014-10-03,6,43.0
315,CA-2014-167850,Standard Class,AG-10525,Andy Gerbode,Corporate,United States,Saint Petersburg,Florida,33710,South,TEC-PH-10002398,Technology,Phones,AT&T 1070 Corded Phone,178.384,2,0.2,22.298,2014-08-09,8,2014,2014-08-16,7,12.5
317,CA-2014-164259,First Class,SP-20860,Sung Pak,Corporate,United States,Philadelphia,Pennsylvania,19143,East,OFF-AR-10003373,Office Supplies,Art,"Boston School Pro Electric Pencil Sharpener, 1670",99.136,4,0.2,8.6744,2014-12-28,12,2014,2014-12-30,2,8.75
318,CA-2014-164973,Standard Class,NM-18445,Nathan Mautz,Home Office,United States,New York City,New York,10024,East,FUR-CH-10002602,Furniture,Chairs,DMI Arturo Collection Mission-style Design Wood Chair,135.882,1,0.1,24.1568,2014-11-04,11,2014,2014-11-09,5,17.77777777777778
324,CA-2016-162138,Standard Class,GK-14620,Grace Kelly,Corporate,United States,Hesperia,California,92345,West,OFF-BI-10004593,Office Supplies,Binders,Ibico Laser Imprintable Binding System Covers,251.52,6,0.2,81.744,2016-04-23,4,2016,2016-04-27,4,32.5
326,CA-2017-153339,Second Class,DJ-13510,Don Jones,Corporate,United States,Murfreesboro,Tennessee,37130,South,FUR-FU-10001967,Furniture,Furnishings,Telescoping Adjustable Floor Lamp,15.992,1,0.2,0.9995,2017-11-03,11,2017,2017-11-05,2,6.25
327,US-2016-141544,First Class,PO-18850,Patrick O'Brill,Consumer,United States,Philadelphia,Pennsylvania,19143,East,TEC-PH-10003645,Technology,Phones,Aastra 57i VoIP phone,290.898,3,0.4,-67.8762,2016-08-30,9,2016,2016-09-01,2,-23.333333333333332
332,US-2016-150147,Second Class,JL-15850,John Lucas,Consumer,United States,Philadelphia,Pennsylvania,19134,East,TEC-PH-10004614,Technology,Phones,AT&T 841000 Phone,82.8,2,0.4,-20.7,2016-04-25,4,2016,2016-04-29,4,-25.0
335,CA-2015-137946,Second Class,DB-13615,Doug Bickford,Consumer,United States,Los Angeles,California,90045,West,OFF-BI-10001922,Office Supplies,Binders,Storex Dura Pro Binders,4.752,1,0.2,1.6038,2015-09-01,9,2015,2015-09-04,3,33.75
338,CA-2014-129924,Standard Class,AC-10420,Alyssa Crouse,Corporate,United States,San Francisco,California,94122,West,OFF-BI-10003314,Office Supplies,Binders,Tuff Stuff Recycled Round Ring Binders,7.712,2,0.2,2.7956,2014-07-12,7,2014,2014-07-17,5,36.25
340,CA-2015-128167,Second Class,KL-16645,Ken Lonsdale,Consumer,United States,Layton,Utah,84041,West,OFF-FA-10000490,Office Supplies,Fasteners,"OIC Binder Clips, Mini, 1/4"" Capacity, Black",4.96,4,0.0,2.3312,2015-06-22,6,2015,2015-06-26,4,47.0
341,CA-2014-122336,Second Class,JD-15895,Jonathan Doherty,Corporate,United States,Philadelphia,Pennsylvania,19140,East,OFF-AR-10000122,Office Supplies,Art,Newell 314,17.856,4,0.2,1.116,2014-04-13,4,2014,2014-04-17,4,6.25
345,US-2015-120712,Standard Class,CS-12130,Chad Sievert,Consumer,United States,Austin,Texas,78745,Central,OFF-ST-10000107,Office Supplies,Storage,Fellowes Super Stor/Drawer,88.8,4,0.2,-2.22,2015-12-20,12,2015,2015-12-24,4,-2.5
346,CA-2017-169901,Standard Class,CC-12550,Clay Cheatham,Consumer,United States,San Francisco,California,94122,West,TEC-PH-10002293,Technology,Phones,Anker 36W 4-Port USB Wall Charger Travel Power Adapter for iPhone 5s 5c 5,47.976,3,0.2,4.7976,2017-06-15,6,2017,2017-06-19,4,10.0
347,CA-2017-134306,Standard Class,TD-20995,Tamara Dahlen,Consumer,United States,Lowell,Massachusetts,1852,East,OFF-AR-10004027,Office Supplies,Art,"Binney & Smith inkTank Erasable Desk Highlighter, Chisel Tip, Yellow, 12/Box",7.56,3,0.0,3.0996,2017-07-08,7,2017,2017-07-12,4,41.0
350,CA-2016-129714,First Class,AB-10060,Adam Bellavance,Home Office,United States,New York City,New York,10009,East,TEC-AC-10000290,Technology,Accessories,Sabrent 4-Port USB 2.0 Hub,6.79,1,0.0,2.3086,2016-09-01,9,2016,2016-09-03,2,34.0
355,CA-2016-138520,Standard Class,JL-15505,Jeremy Lonsdale,Consumer,United States,New York City,New York,10035,East,FUR-BO-10002268,Furniture,Bookcases,Sauder Barrister Bookcases,388.704,6,0.2,-4.8588,2016-04-08,4,2016,2016-04-13,5,-1.25
360,CA-2017-155698,First Class,VB-21745,Victoria Brennan,Corporate,United States,Columbus,Georgia,31907,South,OFF-AP-10001124,Office Supplies,Appliances,Belkin 8 Outlet SurgeMaster II Gold Surge Protector with Phone Protection,647.84,8,0.0,168.4384,2017-03-08,3,2017,2017-03-11,3,26.0
362,CA-2017-144904,Standard Class,KW-16435,Katrina Willman,Consumer,United States,New York City,New York,10009,East,OFF-LA-10001158,Office Supplies,Labels,"Avery Address/Shipping Labels for Typewriters, 4"" x 2""",20.7,2,0.0,9.936,2017-09-25,10,2017,2017-10-01,6,48.00000000000001
366,CA-2014-123344,Standard Class,JD-16060,Julia Dunbar,Consumer,United States,San Francisco,California,94109,West,OFF-ST-10001713,Office Supplies,Storage,"Gould Plastics 9-Pocket Panel Bin, 18-3/8w x 5-1/4d x 20-1/2h, Black",211.96,4,0.0,8.4784,2014-09-24,9,2014,2014-09-29,5,4.0
367,CA-2016-155516,Same Day,MK-17905,Michael Kennedy,Corporate,United States,Manchester,Connecticut,6040,East,OFF-BI-10002412,Office Supplies,Binders,Wilson Jones Snap Scratch Pad Binder Tool for Ring Binders,23.2,4,0.0,10.44,2016-10-21,10,2016,2016-10-21,0,45.0
371,CA-2017-104745,Standard Class,GT-14755,Guy Thornton,Consumer,United States,Harlingen,Texas,78550,Central,OFF-PA-10002036,Office Supplies,Paper,Xerox 1930,25.92,5,0.2,9.396,2017-05-29,6,2017,2017-06-04,6,36.25
373,US-2014-119137,Standard Class,AG-10900,Arthur Gainer,Consumer,United States,Tucson,Arizona,85705,West,OFF-BI-10001982,Office Supplies,Binders,Wilson Jones Custom Binder Spines & Labels,8.16,5,0.7,-5.712,2014-07-23,7,2014,2014-07-27,4,-70.0
377,US-2016-134656,First Class,MM-18280,Muhammed MacIntyre,Corporate,United States,Quincy,Illinois,62301,Central,OFF-PA-10003039,Office Supplies,Paper,Xerox 1960,99.136,4,0.2,30.98,2016-09-28,10,2016,2016-10-01,3,31.25
378,US-2017-134481,Standard Class,AR-10405,Allen Rosenblatt,Corporate,United States,Franklin,Massachusetts,2038,East,FUR-TA-10004915,Furniture,Tables,"Office Impressions End Table, 20-1/2""H x 24""W x 20""D",1488.424,7,0.3,-297.6848,2017-08-27,9,2017,2017-09-01,5,-20.0
379,CA-2015-130792,Standard Class,RA-19915,Russell Applegate,Consumer,United States,Houston,Texas,77095,Central,OFF-AP-10000696,Office Supplies,Appliances,Holmes Odor Grabber,8.652,3,0.8,-20.3322,2015-04-28,5,2015,2015-05-05,7,-235.0
384,CA-2015-125395,Second Class,LA-16780,Laura Armstrong,Corporate,United States,Taylor,Michigan,48180,Central,TEC-AC-10004708,Technology,Accessories,Sony 32GB Class 10 Micro SDHC R40 Memory Card,41.9,2,0.0,8.799,2015-06-26,6,2015,2015-06-29,3,21.0
385,US-2015-168935,Standard Class,DO-13435,Denny Ordway,Consumer,United States,Pembroke Pines,Florida,33024,South,FUR-TA-10000617,Furniture,Tables,"Hon Practical Foundations 30 x 60 Training Table, Light Gray/Charcoal",375.4575,3,0.45,-157.0095,2015-11-27,12,2015,2015-12-02,5,-41.81818181818182
387,CA-2015-122756,Standard Class,DK-13225,Dean Katz,Corporate,United States,Philadelphia,Pennsylvania,19140,East,TEC-MA-10001681,Technology,Machines,Lexmark MarkNet N8150 Wireless Print Server,482.34,4,0.7,-337.638,2015-12-03,12,2015,2015-12-07,4,-70.0
389,CA-2014-115973,First Class,NG-18430,Nathan Gelder,Consumer,United States,Cincinnati,Ohio,45231,East,OFF-AR-10004757,Office Supplies,Art,Crayola Colored Pencils,2.624,1,0.2,0.4264,2014-11-24,11,2014,2014-11-26,2,16.25
390,CA-2017-101798,Standard Class,MV-18190,Mike Vittorini,Consumer,United States,New York City,New York,10009,East,OFF-BI-10000050,Office Supplies,Binders,"Angle-D Binders with Locking Rings, Label Holders",23.36,4,0.2,7.884,2017-12-11,12,2017,2017-12-15,4,33.75
392,US-2014-135972,Second Class,JG-15115,Jack Garza,Consumer,United States,Des Moines,Washington,98198,West,TEC-PH-10003012,Technology,Phones,Nortel Meridian M3904 Professional Digital phone,246.384,2,0.2,27.7182,2014-09-21,9,2014,2014-09-23,2,11.25
394,US-2014-134971,Second Class,BP-11095,Bart Pistole,Corporate,United States,Peoria,Illinois,61604,Central,OFF-BI-10003982,Office Supplies,Binders,Wilson Jones Century Plastic Molded Ring Binders,12.462,3,0.8,-20.5623,2014-06-07,6,2014,2014-06-10,3,-165.0
395,CA-2017-102946,Standard Class,VP-21730,Victor Preis,Home Office,United States,Las Vegas,Nevada,89115,West,OFF-BI-10004492,Office Supplies,Binders,Tuf-Vin Binders,75.792,3,0.2,25.5798,2017-06-30,7,2017,2017-07-05,5,33.75
396,CA-2017-165603,Second Class,SS-20140,Saphhira Shifley,Corporate,United States,Warwick,Rhode Island,2886,East,OFF-ST-10000798,Office Supplies,Storage,2300 Heavy-Duty Transfer File Systems by Perma,49.96,2,0.0,9.4924,2017-10-17,10,2017,2017-10-19,2,19.0
399,CA-2016-108987,Second Class,AG-10675,Anna Gayman,Consumer,United States,Houston,Texas,77036,Central,OFF-ST-10001580,Office Supplies,Storage,Super Decoflex Portable Personal File,35.952,3,0.2,3.5952,2016-09-08,9,2016,2016-09-10,2,10.0
403,CA-2014-113166,First Class,LF-17185,Luke Foster,Consumer,United States,Miami,Florida,33180,South,OFF-PA-10001947,Office Supplies,Paper,Xerox 1974,9.568,2,0.2,3.4684,2014-12-24,12,2014,2014-12-26,2,36.25
404,CA-2014-155208,Standard Class,SP-20650,Stephanie Phelps,Corporate,United States,Wilmington,North Carolina,28403,South,OFF-AR-10003478,Office Supplies,Art,"Avery Hi-Liter EverBold Pen Style Fluorescent Highlighters, 4/Pack",39.072,6,0.2,9.768,2014-04-16,4,2014,2014-04-20,4,25.0
405,CA-2017-117933,Standard Class,RF-19840,Roy Französisch,Consumer,United States,New York City,New York,10024,East,OFF-AP-10004249,Office Supplies,Appliances,Staple holder,35.91,3,0.0,9.6957,2017-12-24,12,2017,2017-12-29,5,27.0
406,CA-2017-117457,Standard Class,KH-16510,Keith Herrera,Consumer,United States,San Francisco,California,94110,West,TEC-AC-10000158,Technology,Accessories,Sony 64GB Class 10 Micro SDHC R40 Memory Card,179.95,5,0.0,37.7895,2017-12-08,12,2017,2017-12-12,4,21.0
418,CA-2016-148796,Standard Class,PB-19150,Philip Brown,Consumer,United States,Los Angeles,California,90004,West,FUR-CH-10004886,Furniture,Chairs,Bevis Steel Folding Chairs,383.8,5,0.2,38.38,2016-04-14,4,2016,2016-04-18,4,10.0
420,CA-2017-110478,Standard Class,SP-20860,Sung Pak,Corporate,United States,Los Angeles,California,90045,West,OFF-AR-10001573,Office Supplies,Art,American Pencil,9.32,4,0.0,2.7028,2017-03-04,3,2017,2017-03-09,5,28.999999999999996
422,CA-2014-142048,First Class,JE-15745,Joel Eaton,Consumer,United States,Louisville,Colorado,80027,West,TEC-AC-10004114,Technology,Accessories,KeyTronic 6101 Series - Keyboard - Black,196.752,6,0.2,56.5662,2014-06-22,6,2014,2014-06-25,3,28.749999999999996
425,CA-2017-155705,Second Class,NF-18385,Natalie Fritzler,Consumer,United States,Jackson,Mississippi,39212,South,FUR-CH-10000015,Furniture,Chairs,Hon Multipurpose Stacking Arm Chairs,866.4,4,0.0,225.264,2017-08-21,8,2017,2017-08-23,2,26.0
428,CA-2014-101476,First Class,SD-20485,Shirley Daniels,Home Office,United States,New Rochelle,New York,10801,East,TEC-MA-10000029,Technology,Machines,"Epson WorkForce WF-2530 All-in-One Printer, Copier Scanner",69.99,1,0.0,30.0957,2014-09-12,9,2014,2014-09-13,1,43.00000000000001
429,CA-2017-152275,Standard Class,KH-16630,Ken Heidel,Corporate,United States,San Antonio,Texas,78207,Central,OFF-AR-10000369,Office Supplies,Art,Design Ebony Sketching Pencil,6.672,6,0.2,0.5004,2017-10-01,10,2017,2017-10-08,7,7.5
430,US-2016-123750,Standard Class,RB-19795,Ross Baird,Home Office,United States,Gastonia,North Carolina,28052,South,OFF-BI-10004584,Office Supplies,Binders,GBC ProClick 150 Presentation Binding System,189.588,2,0.7,-145.3508,2016-04-15,4,2016,2016-04-21,6,-76.66666666666666
435,US-2014-150574,Standard Class,MK-18160,Mike Kennedy,Consumer,United States,Jacksonville,Florida,32216,South,OFF-BI-10000773,Office Supplies,Binders,Insertable Tab Post Binder Dividers,4.812,2,0.7,-3.6892,2014-12-19,12,2014,2014-12-25,6,-76.66666666666666
439,CA-2017-130043,Standard Class,BB-11545,Brenda Bowman,Corporate,United States,Houston,Texas,77070,Central,OFF-PA-10002230,Office Supplies,Paper,Xerox 1897,31.872,8,0.2,11.5536,2017-09-15,9,2017,2017-09-19,4,36.25
440,CA-2017-157252,Second Class,CV-12805,Cynthia Voltz,Corporate,United States,New York City,New York,10024,East,FUR-CH-10003396,Furniture,Chairs,Global Deluxe Steno Chair,207.846,3,0.1,2.3094,2017-01-20,1,2017,2017-01-23,3,1.1111111111111112
447,CA-2017-154214,Second Class,TB-21595,Troy Blackwell,Consumer,United States,Columbus,Indiana,47201,Central,FUR-FU-10000206,Furniture,Furnishings,"GE General Purpose, Extra Long Life, Showcase & Floodlight Incandescent Bulbs",2.91,1,0.0,1.3677,2017-03-20,3,2017,2017-03-25,5,47.0
448,CA-2016-166674,Second Class,RB-19360,Raymond Buch,Consumer,United States,Auburn,New York,13021,East,OFF-AR-10000588,Office Supplies,Art,Newell 345,59.52,3,0.0,15.4752,2016-04-01,4,2016,2016-04-03,2,25.999999999999996
454,CA-2017-147277,Standard Class,EB-13705,Ed Braxton,Corporate,United States,Akron,Ohio,44312,East,FUR-TA-10001539,Furniture,Tables,Chromcraft Rectangular Conference Tables,284.364,2,0.4,-75.8304,2017-10-20,10,2017,2017-10-24,4,-26.666666666666668
456,CA-2016-100153,Standard Class,KH-16630,Ken Heidel,Corporate,United States,Norman,Oklahoma,73071,Central,TEC-AC-10001772,Technology,Accessories,Memorex Mini Travel Drive 16 GB USB 2.0 Flash Drive,63.88,4,0.0,24.9132,2016-12-13,12,2016,2016-12-17,4,38.99999999999999
457,US-2014-110674,Standard Class,SC-20095,Sanjit Chand,Consumer,United States,Concord,California,94521,West,FUR-CH-10000225,Furniture,Chairs,"Global Geo Office Task Chair, Gray",129.568,2,0.2,-24.294,2014-02-12,2,2014,2014-02-18,6,-18.75
458,US-2016-157945,Standard Class,NF-18385,Natalie Fritzler,Consumer,United States,Decatur,Illinois,62521,Central,FUR-CH-10002331,Furniture,Chairs,Hon 4700 Series Mobuis Mid-Back Task Chairs with Adjustable Arms,747.558,3,0.3,-96.1146,2016-09-26,10,2016,2016-10-01,5,-12.857142857142856
463,CA-2016-109869,Standard Class,TN-21040,Tanja Norvell,Home Office,United States,Phoenix,Arizona,85023,West,FUR-FU-10000023,Furniture,Furnishings,Eldon Wave Desk Accessories,23.56,5,0.2,7.068,2016-04-22,4,2016,2016-04-29,7,30.0
468,US-2015-101399,Standard Class,JS-15940,Joni Sundaresam,Home Office,United States,Park Ridge,Illinois,60068,Central,FUR-FU-10002918,Furniture,Furnishings,Eldon ClusterMat Chair Mat with Cordless Antistatic Protection,254.744,7,0.6,-312.0614,2015-01-17,1,2015,2015-01-24,7,-122.49999999999999
469,CA-2017-154907,Standard Class,DS-13180,David Smith,Corporate,United States,Amarillo,Texas,79109,Central,FUR-BO-10002824,Furniture,Bookcases,Bush Mission Pointe Library,205.3328,2,0.32,-36.2352,2017-03-31,4,2017,2017-04-04,4,-17.647058823529413
470,US-2016-100419,Second Class,CC-12670,Craig Carreira,Consumer,United States,Chicago,Illinois,60610,Central,OFF-BI-10002194,Office Supplies,Binders,Cardinal Hold-It CD Pocket,4.788,3,0.8,-7.9002,2016-12-16,12,2016,2016-12-20,4,-165.0
472,CA-2014-144666,Second Class,JP-15520,Jeremy Pistek,Consumer,United States,San Francisco,California,94110,West,OFF-ST-10002743,Office Supplies,Storage,SAFCO Boltless Steel Shelving,340.92,3,0.0,3.4092,2014-11-09,11,2014,2014-11-11,2,0.9999999999999999
478,CA-2016-103891,Standard Class,KH-16690,Kristen Hastings,Corporate,United States,Los Angeles,California,90008,West,TEC-PH-10000149,Technology,Phones,Cisco SPA525G2 IP Phone - Wireless,95.76,6,0.2,7.182,2016-07-12,7,2016,2016-07-19,7,7.5
479,CA-2016-152632,Standard Class,JE-15475,Jeremy Ellison,Consumer,United States,Troy,New York,12180,East,FUR-FU-10002671,Furniture,Furnishings,Electrix 20W Halogen Replacement Bulb for Zoom-In Desk Lamp,40.2,3,0.0,19.296,2016-10-27,11,2016,2016-11-02,6,47.99999999999999
480,CA-2016-100790,Standard Class,JG-15805,John Grady,Corporate,United States,New York City,New York,10024,East,OFF-AR-10003045,Office Supplies,Art,Prang Colored Pencils,14.7,5,0.0,6.615,2016-06-26,7,2016,2016-07-02,6,45.0
482,CA-2014-134677,Standard Class,XP-21865,Xylona Preis,Consumer,United States,San Diego,California,92024,West,TEC-AC-10001445,Technology,Accessories,Imation USB 2.0 Swivel Flash Drive USB flash drive - 4 GB - Pink,9.09,3,0.0,1.9089,2014-10-06,10,2014,2014-10-10,4,21.000000000000004
483,CA-2014-127691,Standard Class,EM-14065,Erin Mull,Consumer,United States,New York City,New York,10024,East,OFF-AR-10002053,Office Supplies,Art,"Premium Writing Pencils, Soft, #2 by Central Association for the Blind",5.96,2,0.0,1.6688,2014-07-22,7,2014,2014-07-27,5,28.000000000000004
485,CA-2017-140963,First Class,MT-18070,Michelle Tran,Home Office,United States,Los Angeles,California,90045,West,OFF-LA-10003923,Office Supplies,Labels,Alphabetical Labels for Top Tab Filing,29.6,2,0.0,14.8,2017-06-10,6,2017,2017-06-13,3,50.0
488,CA-2014-154627,First Class,SA-20830,Sue Ann Reed,Consumer,United States,Chicago,Illinois,60610,Central,TEC-PH-10001363,Technology,Phones,Apple iPhone 5S,2735.952,6,0.2,341.994,2014-10-29,10,2014,2014-10-31,2,12.5
494,CA-2016-169166,Standard Class,SS-20590,Sonia Sunley,Consumer,United States,Seattle,Washington,98115,West,TEC-AC-10000991,Technology,Accessories,Sony Micro Vault Click 8 GB USB 2.0 Flash Drive,93.98,2,0.0,13.1572,2016-05-09,5,2016,2016-05-14,5,13.999999999999998
495,US-2016-120929,Second Class,RO-19780,Rose O'Brian,Consumer,United States,Memphis,Tennessee,38109,South,FUR-TA-10001857,Furniture,Tables,Balt Solid Wood Rectangular Table,189.882,3,0.4,-94.941,2016-03-18,3,2016,2016-03-21,3,-50.0
497,CA-2016-126158,Standard Class,SC-20095,Sanjit Chand,Consumer,United States,Costa Mesa,California,92627,West,OFF-BI-10002498,Office Supplies,Binders,Clear Mylar Reinforcing Strips,119.616,8,0.2,40.3704,2016-07-25,7,2016,2016-07-31,6,33.75
501,US-2016-105578,Standard Class,MY-17380,Maribeth Yedwab,Corporate,United States,Parker,Colorado,80134,West,OFF-BI-10001670,Office Supplies,Binders,Vinyl Sectional Post Binders,22.62,2,0.7,-15.08,2016-05-30,6,2016,2016-06-04,5,-66.66666666666666
507,CA-2015-145352,Standard Class,CM-12385,Christopher Martinez,Consumer,United States,Atlanta,Georgia,30318,South,OFF-AR-10001662,Office Supplies,Art,Rogers Handheld Barrel Pencil Sharpener,2.74,1,0.0,0.7398,2015-03-16,3,2015,2015-03-22,6,26.999999999999996
511,CA-2017-135307,First Class,LS-17245,Lynn Smith,Consumer,United States,Gladstone,Missouri,64118,Central,FUR-FU-10001290,Furniture,Furnishings,Executive Impressions Supervisor Wall Clock,126.3,3,0.0,40.416,2017-11-26,11,2017,2017-11-27,1,32.0
513,CA-2016-106341,First Class,LF-17185,Luke Foster,Consumer,United States,Newark,Ohio,43055,East,OFF-AR-10002053,Office Supplies,Art,"Premium Writing Pencils, Soft, #2 by Central Association for the Blind",7.152,3,0.2,0.7152,2016-10-20,10,2016,2016-10-23,3,10.0
514,CA-2017-163405,Standard Class,BN-11515,Bradley Nguyen,Consumer,United States,Los Angeles,California,90049,West,OFF-AR-10003811,Office Supplies,Art,Newell 327,6.63,3,0.0,1.7901,2017-12-21,12,2017,2017-12-25,4,27.0
516,CA-2017-127432,Standard Class,AD-10180,Alan Dominguez,Home Office,United States,Great Falls,Montana,59405,West,TEC-CO-10003236,Technology,Copiers,Canon Image Class D660 Copier,2999.95,5,0.0,1379.977,2017-01-22,1,2017,2017-01-27,5,46.00000000000001
520,CA-2015-157812,Standard Class,DB-13210,Dean Braden,Consumer,United States,Houston,Texas,77041,Central,TEC-AC-10000171,Technology,Accessories,"Verbatim 25 GB 6x Blu-ray Single Layer Recordable Disc, 25/Pack",18.392,1,0.2,5.2877,2015-03-22,3,2015,2015-03-26,4,28.750000000000004
523,CA-2017-145142,First Class,MC-17605,Matt Connell,Corporate,United States,Detroit,Michigan,48234,Central,FUR-TA-10001857,Furniture,Tables,Balt Solid Wood Rectangular Table,210.98,2,0.0,21.098,2017-01-23,1,2017,2017-01-25,2,10.0
524,US-2016-139486,First Class,LH-17155,Logan Haushalter,Consumer,United States,Los Angeles,California,90032,West,TEC-PH-10003555,Technology,Phones,Motorola HK250 Universal Bluetooth Headset,55.176,3,0.2,-12.4146,2016-05-21,5,2016,2016-05-23,2,-22.5
526,CA-2015-158792,Standard Class,BD-11605,Brian Dahlen,Consumer,United States,Lawrence,Massachusetts,1841,East,OFF-FA-10002815,Office Supplies,Fasteners,Staples,22.2,5,0.0,10.434,2015-12-26,1,2016,2016-01-02,7,47.0
527,CA-2017-113558,Standard Class,PH-18790,Patricia Hirasaki,Home Office,United States,Lakeland,Florida,33801,South,FUR-CH-10003379,Furniture,Chairs,Global Commerce Series High-Back Swivel/Tilt Chairs,683.952,3,0.2,42.747,2017-10-21,10,2017,2017-10-26,5,6.25
532,CA-2015-102848,Second Class,KB-16240,Karen Bern,Corporate,United States,Los Angeles,California,90036,West,FUR-CH-10000595,Furniture,Chairs,Safco Contoured Stacking Chairs,190.72,1,0.2,11.92,2015-11-07,11,2015,2015-11-09,2,6.25
533,US-2017-129441,Standard Class,JC-15340,Jasper Cacioppo,Consumer,United States,Los Angeles,California,90032,West,FUR-FU-10000448,Furniture,Furnishings,Tenex Chairmats For Use With Carpeted Floors,47.94,3,0.0,2.397,2017-09-07,9,2017,2017-09-11,4,5.0
534,CA-2016-168753,Second Class,RL-19615,Rob Lucas,Consumer,United States,Montgomery,Alabama,36116,South,TEC-PH-10000984,Technology,Phones,Panasonic KX-TG9471B,979.95,5,0.0,274.386,2016-05-29,6,2016,2016-06-01,3,28.000000000000004
536,CA-2016-126613,Standard Class,AA-10375,Allen Armold,Consumer,United States,Mesa,Arizona,85204,West,OFF-ST-10001325,Office Supplies,Storage,Sterilite Officeware Hinged File Box,16.768,2,0.2,1.4672,2016-07-10,7,2016,2016-07-16,6,8.75
537,US-2017-122637,Second Class,EP-13915,Emily Phan,Consumer,United States,Chicago,Illinois,60653,Central,OFF-BI-10002429,Office Supplies,Binders,"Premier Elliptical Ring Binder, Black",42.616,7,0.8,-68.1856,2017-09-03,9,2017,2017-09-08,5,-160.0
539,CA-2015-134894,Standard Class,DK-12985,Darren Koutras,Consumer,United States,Henderson,Kentucky,42420,South,OFF-AP-10001271,Office Supplies,Appliances,Eureka The Boss Cordless Rechargeable Stick Vac,152.94,3,0.0,41.2938,2015-12-07,12,2015,2015-12-11,4,26.999999999999996
541,CA-2014-140795,First Class,BD-11500,Bradley Drucker,Consumer,United States,Green Bay,Wisconsin,54302,Central,TEC-AC-10001432,Technology,Accessories,Enermax Aurora Lite Keyboard,468.9,6,0.0,206.316,2014-02-01,2,2014,2014-02-03,2,44.0
542,CA-2016-136924,First Class,ES-14080,Erin Smith,Corporate,United States,Tucson,Arizona,85705,West,TEC-PH-10002262,Technology,Phones,LG Electronics Tone+ HBS-730 Bluetooth Headset,380.864,8,0.2,38.0864,2016-07-14,7,2016,2016-07-17,3,10.0
543,US-2015-120161,Standard Class,LM-17065,Liz MacKendrick,Consumer,United States,Springfield,Ohio,45503,East,OFF-ST-10001809,Office Supplies,Storage,Fellowes Officeware Wire Shelving,646.776,9,0.2,-145.5246,2015-12-18,12,2015,2015-12-23,5,-22.5
544,CA-2014-103849,Standard Class,PG-18895,Paul Gonzalez,Consumer,United States,Fort Worth,Texas,76106,Central,TEC-AC-10001465,Technology,Accessories,SanDisk Cruzer 64 GB USB Flash Drive,58.112,2,0.2,7.264,2014-05-11,5,2014,2014-05-16,5,12.5
549,CA-2015-113173,Second Class,DK-13225,Dean Katz,Corporate,United States,Chicago,Illinois,60653,Central,OFF-ST-10000604,Office Supplies,Storage,Home/Office Personal File Carts,250.272,9,0.2,15.642,2015-11-15,11,2015,2015-11-17,2,6.25
553,CA-2017-112774,First Class,RC-19960,Ryan Crowe,Consumer,United States,Jacksonville,Florida,32216,South,FUR-FU-10003039,Furniture,Furnishings,"Howard Miller 11-1/2"" Diameter Grantwood Wall Clock",34.504,1,0.2,6.0382,2017-09-11,9,2017,2017-09-12,1,17.5
554,CA-2017-101945,Standard Class,GT-14710,Greg Tran,Consumer,United States,Houston,Texas,77070,Central,OFF-FA-10004248,Office Supplies,Fasteners,Advantus T-Pin Paper Clips,10.824,3,0.2,2.5707,2017-11-24,11,2017,2017-11-28,4,23.75
555,CA-2017-100650,Second Class,DK-13225,Dean Katz,Corporate,United States,Anaheim,California,92804,West,OFF-ST-10001780,Office Supplies,Storage,Tennsco 16-Compartment Lockers with Coat Rack,1295.78,2,0.0,310.9872,2017-06-29,7,2017,2017-07-03,4,24.0
556,CA-2014-155852,Second Class,AJ-10945,Ashley Jarboe,Consumer,United States,Wilmington,North Carolina,28403,South,OFF-AR-10003560,Office Supplies,Art,Zebra Zazzle Fluorescent Highlighters,19.456,4,0.2,3.4048,2014-03-03,3,2014,2014-03-07,4,17.5
557,CA-2016-113243,Standard Class,OT-18730,Olvera Toch,Consumer,United States,Los Angeles,California,90045,West,OFF-LA-10001297,Office Supplies,Labels,Avery 473,20.7,2,0.0,9.936,2016-06-10,6,2016,2016-06-15,5,48.00000000000001
560,CA-2017-118731,Second Class,LP-17080,Liz Pelletier,Consumer,United States,San Francisco,California,94110,West,FUR-FU-10003347,Furniture,Furnishings,Coloredge Poster Frame,42.6,3,0.0,16.614,2017-11-20,11,2017,2017-11-22,2,39.0
566,CA-2017-137099,First Class,FP-14320,Frank Preis,Consumer,United States,Los Angeles,California,90008,West,TEC-PH-10002496,Technology,Phones,Cisco SPA301,374.376,3,0.2,46.797,2017-12-07,12,2017,2017-12-10,3,12.5
576,CA-2015-149713,Second Class,TG-21640,Trudy Glocke,Consumer,United States,Long Beach,California,90805,West,OFF-PA-10004530,Office Supplies,Paper,Personal Creations Ink Jet Cards and Labels,160.72,14,0.0,78.7528,2015-09-18,9,2015,2015-09-22,4,48.99999999999999
579,CA-2017-118640,Standard Class,CS-11950,Carlos Soltero,Consumer,United States,Chicago,Illinois,60610,Central,OFF-ST-10002974,Office Supplies,Storage,"Trav-L-File Heavy-Duty Shuttle II, Black",69.712,2,0.2,8.714,2017-07-20,7,2017,2017-07-26,6,12.5
581,CA-2015-132906,Standard Class,CC-12145,Charles Crestani,Consumer,United States,Los Angeles,California,90004,West,OFF-SU-10004498,Office Supplies,Supplies,Martin-Yale Premier Letter Opener,51.52,4,0.0,1.5456,2015-09-10,9,2015,2015-09-14,4,3.0
587,CA-2015-128139,Standard Class,BD-11725,Bruce Degenhardt,Consumer,United States,Richmond,Kentucky,40475,South,FUR-CH-10003956,Furniture,Chairs,Novimex High-Tech Fabric Mesh Task Chair,70.98,1,0.0,4.9686,2015-07-03,7,2015,2015-07-09,6,7.000000000000001
589,US-2016-156986,Standard Class,ZC-21910,Zuschuss Carroll,Consumer,United States,Salem,Oregon,97301,West,TEC-PH-10003800,Technology,Phones,i.Sound Portable Power - 8000 mAh,84.784,2,0.2,-20.1362,2016-03-20,3,2016,2016-03-24,4,-23.749999999999996
593,CA-2014-135405,Standard Class,MS-17830,Melanie Seite,Consumer,United States,Laredo,Texas,78041,Central,OFF-AR-10004078,Office Supplies,Art,Newell 312,9.344,2,0.2,1.168,2014-01-09,1,2014,2014-01-13,4,12.5
595,CA-2014-131450,Standard Class,LR-16915,Lena Radford,Consumer,United States,San Diego,California,92024,West,OFF-AP-10004708,Office Supplies,Appliances,Fellowes Superior 10 Outlet Split Surge Protector,76.12,2,0.0,22.0748,2014-08-08,8,2014,2014-08-15,7,28.999999999999996
603,CA-2014-149958,Standard Class,AS-10240,Alan Shonely,Consumer,United States,Tampa,Florida,33614,South,OFF-ST-10001490,Office Supplies,Storage,"Hot File 7-Pocket, Floor Stand",142.776,1,0.2,17.847,2014-03-15,3,2014,2014-03-19,4,12.5
608,US-2014-105767,Standard Class,AR-10510,Andrew Roberts,Consumer,United States,Philadelphia,Pennsylvania,19134,East,OFF-BI-10000848,Office Supplies,Binders,Angle-D Ring Binders,3.282,2,0.7,-2.6256,2014-05-23,5,2014,2014-05-27,4,-80.0
611,CA-2016-161816,First Class,NB-18655,Nona Balk,Corporate,United States,Dallas,Texas,75217,Central,TEC-PH-10003012,Technology,Phones,Nortel Meridian M3904 Professional Digital phone,369.576,3,0.2,41.5773,2016-04-28,5,2016,2016-05-01,3,11.25
615,CA-2017-138611,Second Class,CK-12595,Clytie Kelty,Consumer,United States,Grove City,Ohio,43123,East,TEC-PH-10000011,Technology,Phones,PureGear Roll-On Screen Protector,119.94,10,0.4,15.992,2017-11-14,11,2017,2017-11-17,3,13.333333333333334
617,CA-2017-117947,Second Class,NG-18355,Nat Gilpin,Corporate,United States,New York City,New York,10011,East,FUR-FU-10003849,Furniture,Furnishings,"DAX Metal Frame, Desktop, Stepped-Edge",40.48,2,0.0,15.7872,2017-08-18,8,2017,2017-08-23,5,39.0
623,CA-2015-138009,Standard Class,SF-20965,Sylvia Foulston,Corporate,United States,Dearborn,Michigan,48126,Central,FUR-CH-10004853,Furniture,Chairs,"Global Manager's Adjustable Task Chair, Storm",301.96,2,0.0,87.5684,2015-11-29,12,2015,2015-12-03,4,29.000000000000004
628,CA-2017-153787,Standard Class,AT-10735,Annie Thurman,Consumer,United States,Seattle,Washington,98115,West,OFF-AP-10001563,Office Supplies,Appliances,Belkin Premiere Surge Master II 8-outlet surge protector,97.16,2,0.0,28.1764,2017-05-19,5,2017,2017-05-23,4,29.000000000000004
634,CA-2017-144694,Second Class,BD-11605,Brian Dahlen,Consumer,United States,Miami,Florida,33180,South,TEC-AC-10002857,Technology,Accessories,"Verbatim 25 GB 6x Blu-ray Single Layer Recordable Disc, 1/Pack",17.88,3,0.2,2.4585,2017-09-24,9,2017,2017-09-26,2,13.750000000000002
636,CA-2015-168004,Second Class,DJ-13420,Denny Joy,Corporate,United States,Warner Robins,Georgia,31088,South,FUR-CH-10001482,Furniture,Chairs,Office Star - Mesh Screen back chair with Vinyl seat,392.94,3,0.0,43.2234,2015-10-04,10,2015,2015-10-09,5,11.0
637,US-2016-123470,Standard Class,ME-17725,Max Engle,Consumer,United States,Aurora,Colorado,80013,West,OFF-BI-10001989,Office Supplies,Binders,Premium Transparent Presentation Covers by GBC,18.882,3,0.7,-13.8468,2016-08-15,8,2016,2016-08-21,6,-73.33333333333333
639,CA-2016-115917,Standard Class,RB-19465,Rick Bensley,Home Office,United States,Vallejo,California,94591,West,FUR-FU-10000576,Furniture,Furnishings,Luxo Professional Fluorescent Magnifier Lamp with Clamp-Mount Base,1049.2,5,0.0,272.792,2016-05-20,5,2016,2016-05-25,5,25.999999999999996
642,CA-2017-167913,Second Class,JL-15835,John Lee,Consumer,United States,Mission Viejo,California,92691,West,OFF-ST-10000585,Office Supplies,Storage,Economy Rollaway Files,330.4,2,0.0,85.904,2017-07-30,8,2017,2017-08-03,4,26.0
645,US-2017-127719,Standard Class,TW-21025,Tamara Willingham,Home Office,United States,Plainfield,New Jersey,7060,East,OFF-PA-10001934,Office Supplies,Paper,Xerox 1993,6.48,1,0.0,3.1752,2017-07-21,7,2017,2017-07-25,4,48.99999999999999
646,CA-2017-126221,Standard Class,CC-12430,Chuck Clark,Home Office,United States,Columbus,Indiana,47201,Central,OFF-AP-10002457,Office Supplies,Appliances,"Eureka The Boss Plus 12-Amp Hard Box Upright Vacuum, Red",209.3,2,0.0,56.511,2017-12-30,1,2018,2018-01-05,6,27.0
652,CA-2016-132661,Standard Class,SR-20740,Steven Roelle,Home Office,United States,New York City,New York,10024,East,OFF-PA-10000482,Office Supplies,Paper,"Snap-A-Way Black Print Carbonless Ruled Speed Letter, Triplicate",379.4,10,0.0,178.318,2016-10-23,10,2016,2016-10-29,6,47.00000000000001
653,CA-2017-140844,Standard Class,AR-10405,Allen Rosenblatt,Corporate,United States,New York City,New York,10035,East,OFF-PA-10003892,Office Supplies,Paper,Xerox 1943,97.82,2,0.0,45.9754,2017-06-19,6,2017,2017-06-23,4,47.0
655,CA-2016-137239,Standard Class,CR-12730,Craig Reiter,Consumer,United States,Columbus,Ohio,43229,East,OFF-AP-10002439,Office Supplies,Appliances,Tripp Lite Isotel 8 Ultra 8 Outlet Metal Surge,113.552,2,0.2,8.5164,2016-08-22,8,2016,2016-08-28,6,7.5
658,US-2016-156097,Same Day,EH-14125,Eugene Hildebrand,Home Office,United States,Aurora,Illinois,60505,Central,FUR-CH-10001215,Furniture,Chairs,Global Troy Executive Leather Low-Back Tilter,701.372,2,0.3,-50.098,2016-09-19,9,2016,2016-09-19,0,-7.142857142857142
660,CA-2015-146563,Standard Class,CB-12025,Cassandra Brandow,Consumer,United States,Arlington,Texas,76017,Central,OFF-ST-10001490,Office Supplies,Storage,"Hot File 7-Pocket, Floor Stand",999.432,7,0.2,124.929,2015-08-24,8,2015,2015-08-28,4,12.5
664,CA-2016-123666,Standard Class,SP-20545,Sibella Parks,Corporate,United States,New York City,New York,10011,East,OFF-ST-10001522,Office Supplies,Storage,"Gould Plastics 18-Pocket Panel Bin, 34w x 5-1/4d x 20-1/2h",459.95,5,0.0,18.398,2016-03-26,3,2016,2016-03-30,4,4.0
665,CA-2016-143308,Same Day,RC-19825,Roy Collins,Consumer,United States,Louisville,Kentucky,40214,South,OFF-FA-10000621,Office Supplies,Fasteners,"OIC Colored Binder Clips, Assorted Sizes",10.74,3,0.0,5.2626,2016-11-04,11,2016,2016-11-04,0,49.0
670,US-2017-106663,Standard Class,MO-17800,Meg O'Connel,Home Office,United States,Chicago,Illinois,60653,Central,FUR-FU-10002759,Furniture,Furnishings,12-1/2 Diameter Round Wall Clock,23.976,3,0.6,-14.3856,2017-06-09,6,2017,2017-06-13,4,-60.0
674,CA-2017-130351,First Class,RB-19570,Rob Beeghly,Consumer,United States,Columbus,Indiana,47201,Central,OFF-AP-10004532,Office Supplies,Appliances,Kensington 6 Outlet Guardian Standard Surge Protector,61.44,3,0.0,16.5888,2017-12-05,12,2017,2017-12-08,3,27.0
677,US-2017-119438,Standard Class,CD-11980,Carol Darley,Consumer,United States,Tyler,Texas,75701,Central,OFF-AP-10000804,Office Supplies,Appliances,Hoover Portapower Portable Vacuum,2.688,3,0.8,-7.392,2017-03-18,3,2017,2017-03-23,5,-275.0
681,CA-2016-164511,Standard Class,DJ-13630,Doug Jacobs,Consumer,United States,New York City,New York,10024,East,OFF-BI-10003305,Office Supplies,Binders,Avery Hanging File Binders,14.352,3,0.2,4.6644,2016-11-19,11,2016,2016-11-24,5,32.49999999999999
684,US-2017-168116,Same Day,GT-14635,Grant Thornton,Corporate,United States,Burlington,North Carolina,27217,South,TEC-MA-10004125,Technology,Machines,Cubify CubeX 3D Printer Triple Head Print,7999.98,4,0.5,-3839.9904,2017-11-04,11,2017,2017-11-04,0,-48.00000000000001
686,CA-2014-157784,First Class,MC-17845,Michael Chen,Consumer,United States,Jackson,Mississippi,39212,South,TEC-AC-10003911,Technology,Accessories,NETGEAR AC1750 Dual Band Gigabit Smart WiFi Router,479.97,3,0.0,163.1898,2014-07-05,7,2014,2014-07-08,3,34.0
690,US-2014-117135,Second Class,NP-18325,Naresj Patel,Consumer,United States,Waynesboro,Virginia,22980,South,FUR-FU-10004071,Furniture,Furnishings,Luxo Professional Magnifying Clamp-On Fluorescent Lamps,104.01,1,0.0,14.5614,2014-06-21,6,2014,2014-06-23,2,14.000000000000002
693,CA-2015-131534,Standard Class,AB-10165,Alan Barnes,Consumer,United States,Los Angeles,California,90036,West,TEC-AC-10002253,Technology,Accessories,Imation Bio 8GB USB Flash Drive Imation Corp,166.24,1,0.0,24.936,2015-03-28,4,2015,2015-04-02,5,15.0
695,CA-2015-119291,First Class,JO-15550,Jesus Ocampo,Home Office,United States,Chester,Pennsylvania,19013,East,OFF-AR-10003373,Office Supplies,Art,"Boston School Pro Electric Pencil Sharpener, 1670",198.272,8,0.2,17.3488,2015-05-14,5,2015,2015-05-17,3,8.75
702,CA-2017-114552,Standard Class,Dl-13600,Dorris liebe,Corporate,United States,Cleveland,Ohio,44105,East,FUR-FU-10002960,Furniture,Furnishings,"Eldon 200 Class Desk Accessories, Burgundy",15.072,3,0.2,4.1448,2017-09-02,9,2017,2017-09-08,6,27.500000000000004
704,CA-2015-142027,Standard Class,JK-15370,Jay Kimmel,Consumer,United States,Long Beach,California,90805,West,FUR-TA-10002774,Furniture,Tables,Laminate Occasional Tables,369.912,3,0.2,-13.8717,2015-04-09,4,2015,2015-04-14,5,-3.7500000000000004
708,CA-2014-112158,First Class,DP-13165,David Philippe,Consumer,United States,New York City,New York,10035,East,TEC-AC-10003628,Technology,Accessories,Logitech 910-002974 M325 Wireless Mouse for Web Scrolling,119.96,4,0.0,52.7824,2014-12-02,12,2014,2014-12-04,2,44.00000000000001
711,CA-2014-113887,First Class,TH-21550,Tracy Hopkins,Home Office,United States,New York City,New York,10035,East,OFF-PA-10004071,Office Supplies,Paper,"Eaton Premium Continuous-Feed Paper, 25% Cotton, Letter Size, White, 1000 Shts/Box",55.48,1,0.0,26.6304,2014-04-05,4,2014,2014-04-07,2,48.00000000000001
716,CA-2014-153150,Second Class,Dl-13600,Dorris liebe,Corporate,United States,Seattle,Washington,98105,West,OFF-BI-10003355,Office Supplies,Binders,Cardinal Holdit Business Card Pockets,19.92,5,0.2,6.972,2014-07-01,7,2014,2014-07-06,5,35.0
717,CA-2014-130092,First Class,SV-20365,Seth Vernon,Consumer,United States,Dover,Delaware,19901,East,FUR-FU-10000010,Furniture,Furnishings,"DAX Value U-Channel Document Frames, Easel Back",9.94,2,0.0,3.0814,2014-01-11,1,2014,2014-01-14,3,31.0
719,CA-2014-104472,Standard Class,CK-12325,Christine Kargatis,Home Office,United States,Orem,Utah,84057,West,OFF-BI-10001658,Office Supplies,Binders,GBC Standard Therm-A-Bind Covers,59.808,3,0.2,19.4376,2014-06-02,6,2014,2014-06-07,5,32.5
721,CA-2016-112942,Standard Class,RD-19810,Ross DeVincentis,Home Office,United States,Los Angeles,California,90045,West,OFF-PA-10004092,Office Supplies,Paper,Tops Green Bar Computer Printout Paper,146.82,3,0.0,73.41,2016-02-13,2,2016,2016-02-18,5,50.0
722,CA-2016-142335,Standard Class,MP-17965,Michael Paige,Corporate,United States,Detroit,Michigan,48205,Central,FUR-TA-10000198,Furniture,Tables,Chromcraft Bull-Nose Wood Oval Conference Tables & Bases,1652.94,3,0.0,231.4116,2016-12-15,12,2016,2016-12-19,4,13.999999999999998
724,CA-2014-117429,Standard Class,MR-17545,Mathew Reese,Home Office,United States,Philadelphia,Pennsylvania,19140,East,FUR-FU-10000222,Furniture,Furnishings,"Seth Thomas 16"" Steel Case Clock",129.92,5,0.2,21.112,2014-10-07,10,2014,2014-10-13,6,16.25
725,CA-2016-114713,Standard Class,SC-20695,Steve Chapman,Corporate,United States,Hialeah,Florida,33012,South,OFF-SU-10004664,Office Supplies,Supplies,Acme Softgrip Scissors,45.584,7,0.2,5.1282,2016-07-07,7,2016,2016-07-12,5,11.249999999999998
728,US-2016-150861,First Class,EG-13900,Emily Grady,Consumer,United States,Oceanside,New York,11572,East,OFF-PA-10001954,Office Supplies,Paper,Xerox 1964,182.72,8,0.0,84.0512,2016-12-03,12,2016,2016-12-06,3,46.0
733,CA-2017-131954,Standard Class,DS-13030,Darrin Sayre,Home Office,United States,Seattle,Washington,98115,West,OFF-ST-10000736,Office Supplies,Storage,Carina Double Wide Media Storage Towers in Natural & Black,242.94,3,0.0,9.7176,2017-01-21,1,2017,2017-01-25,4,3.9999999999999996
740,CA-2014-112326,Standard Class,PO-19195,Phillina Ober,Home Office,United States,Naperville,Illinois,60540,Central,OFF-LA-10003223,Office Supplies,Labels,Avery 508,11.784,3,0.2,4.2717,2014-01-04,1,2014,2014-01-08,4,36.25
743,US-2016-146710,Standard Class,SS-20875,Sung Shariari,Consumer,United States,Dallas,Texas,75220,Central,OFF-SU-10004498,Office Supplies,Supplies,Martin-Yale Premier Letter Opener,51.52,5,0.2,-10.948,2016-08-27,9,2016,2016-09-01,5,-21.25
747,CA-2014-124429,Same Day,MH-17785,Maya Herman,Corporate,United States,San Diego,California,92105,West,FUR-TA-10002607,Furniture,Tables,KI Conference Tables,567.12,10,0.2,-28.356,2014-05-27,5,2014,2014-05-27,0,-5.0
750,CA-2017-126074,Standard Class,RF-19735,Roland Fjeld,Consumer,United States,Trenton,Michigan,48183,Central,OFF-BI-10003638,Office Supplies,Binders,GBC Durable Plastic Covers,58.05,3,0.0,26.703,2017-10-02,10,2017,2017-10-06,4,46.0
754,CA-2016-110499,First Class,YC-21895,Yoseph Carroll,Corporate,United States,San Francisco,California,94110,West,TEC-CO-10002095,Technology,Copiers,Hewlett Packard 610 Color Digital Copier / Printer,1199.976,3,0.2,374.9925,2016-04-07,4,2016,2016-04-09,2,31.25
757,CA-2014-106803,Standard Class,DC-13285,Debra Catini,Consumer,United States,Cottage Grove,Minnesota,55016,Central,OFF-ST-10002444,Office Supplies,Storage,Recycled Eldon Regeneration Jumbo File,24.56,2,0.0,6.8768,2014-12-29,1,2015,2015-01-02,4,28.000000000000004
759,CA-2017-117240,Standard Class,CP-12340,Christine Phan,Corporate,United States,New York City,New York,10009,East,OFF-BI-10000848,Office Supplies,Binders,Angle-D Ring Binders,13.128,3,0.2,4.2666,2017-07-23,7,2017,2017-07-28,5,32.5
761,CA-2015-112319,Standard Class,AR-10510,Andrew Roberts,Consumer,United States,Los Angeles,California,90004,West,OFF-PA-10003441,Office Supplies,Paper,Xerox 226,58.32,9,0.0,27.9936,2015-08-31,9,2015,2015-09-05,5,48.0
763,CA-2015-114923,Standard Class,LH-17020,Lisa Hazard,Consumer,United States,Columbus,Ohio,43229,East,TEC-PH-10003931,Technology,Phones,JBL Micro Wireless Portable Bluetooth Speaker,107.982,3,0.4,-26.9955,2015-02-08,2,2015,2015-02-13,5,-25.0
764,CA-2014-162775,Second Class,CS-12250,Chris Selesnick,Corporate,United States,Bossier City,Louisiana,71111,South,OFF-EN-10001990,Office Supplies,Envelopes,Staple envelope,11.36,2,0.0,5.3392,2014-01-13,1,2014,2014-01-15,2,47.0
769,CA-2014-106810,Standard Class,AJ-10795,Anthony Johnson,Corporate,United States,Saint Petersburg,Florida,33710,South,FUR-FU-10004306,Furniture,Furnishings,Electrix Halogen Magnifier Lamp,310.88,2,0.2,23.316,2014-05-14,5,2014,2014-05-20,6,7.5
770,CA-2016-157245,Standard Class,LE-16810,Laurel Elliston,Consumer,United States,Arlington,Virginia,22204,South,FUR-CH-10003746,Furniture,Chairs,Hon 4070 Series Pagoda Round Back Stacking Chairs,641.96,2,0.0,179.7488,2016-05-19,5,2016,2016-05-24,5,27.999999999999996
771,CA-2017-104220,Standard Class,BV-11245,Benjamin Venier,Corporate,United States,Des Moines,Iowa,50315,Central,OFF-BI-10001036,Office Supplies,Binders,Cardinal EasyOpen D-Ring Binders,18.28,2,0.0,9.14,2017-01-30,2,2017,2017-02-05,6,50.0
777,CA-2014-165974,Standard Class,DL-12865,Dan Lawera,Consumer,United States,Cincinnati,Ohio,45231,East,OFF-AR-10003405,Office Supplies,Art,"Dixon My First Ticonderoga Pencil, #2",32.76,7,0.2,3.6855,2014-06-29,7,2014,2014-07-06,7,11.250000000000002
778,CA-2015-144267,First Class,NZ-18565,Nick Zandusky,Home Office,United States,San Francisco,California,94110,West,FUR-CH-10002335,Furniture,Chairs,Hon GuestStacker Chair,544.008,3,0.2,40.8006,2015-08-21,8,2015,2015-08-23,2,7.5
782,US-2015-157014,Second Class,BM-11785,Bryan Mills,Consumer,United States,Columbus,Ohio,43229,East,OFF-BI-10001098,Office Supplies,Binders,Acco D-Ring Binder w/DublLock,32.07,5,0.7,-22.449,2015-10-03,10,2015,2015-10-06,3,-70.0
786,CA-2015-154921,Standard Class,EA-14035,Erin Ashbrook,Corporate,United States,Columbia,South Carolina,29203,South,OFF-EN-10000056,Office Supplies,Envelopes,Cameo Buff Policy Envelopes,186.69,3,0.0,87.7443,2015-05-23,5,2015,2015-05-28,5,47.0
787,CA-2017-129567,Second Class,CL-12565,Clay Ludtke,Consumer,United States,Lancaster,California,93534,West,OFF-BI-10000014,Office Supplies,Binders,Heavy-Duty E-Z-D Binders,17.456,2,0.2,5.8914,2017-03-17,3,2017,2017-03-21,4,33.75
788,CA-2015-154620,Standard Class,LT-17110,Liz Thompson,Consumer,United States,Lancaster,California,93534,West,FUR-CH-10004675,Furniture,Chairs,"Lifetime Advantage Folding Chairs, 4/Carton",348.928,2,0.2,34.8928,2015-12-12,12,2015,2015-12-16,4,10.0
796,CA-2017-151428,Standard Class,RH-19495,Rick Hansen,Consumer,United States,Rochester,Minnesota,55901,Central,OFF-BI-10000546,Office Supplies,Binders,Avery Durable Binders,20.16,7,0.0,9.8784,2017-09-21,9,2017,2017-09-26,5,48.99999999999999
801,CA-2017-105809,First Class,HW-14935,Helen Wasserman,Corporate,United States,San Diego,California,92105,West,FUR-FU-10004090,Furniture,Furnishings,"Executive Impressions 14"" Contract Wall Clock",22.23,1,0.0,7.3359,2017-02-20,2,2017,2017-02-23,3,32.99999999999999
803,CA-2016-136133,Second Class,HW-14935,Helen Wasserman,Corporate,United States,New York City,New York,10024,East,OFF-AP-10000576,Office Supplies,Appliances,Belkin 7 Outlet SurgeMaster II,355.32,9,0.0,99.4896,2016-08-18,8,2016,2016-08-23,5,27.999999999999996
804,CA-2016-115504,Standard Class,MC-18130,Mike Caudle,Corporate,United States,Monroe,Louisiana,71203,South,OFF-PA-10003953,Office Supplies,Paper,Xerox 218,12.96,2,0.0,6.2208,2016-03-12,3,2016,2016-03-17,5,47.99999999999999
805,CA-2017-135783,First Class,GM-14440,Gary McGarr,Consumer,United States,San Francisco,California,94122,West,FUR-FU-10000794,Furniture,Furnishings,"Eldon Stackable Tray, Side-Load, Legal, Smoke",18.28,2,0.0,6.2152,2017-04-22,4,2017,2017-04-24,2,34.0
806,CA-2014-134313,Standard Class,RA-19915,Russell Applegate,Consumer,United States,Denver,Colorado,80219,West,OFF-AR-10001897,Office Supplies,Art,Model L Table or Wall-Mount Pencil Sharpener,43.176,3,0.2,4.3176,2014-11-01,11,2014,2014-11-07,6,10.0
808,CA-2015-140921,First Class,AA-10375,Allen Armold,Consumer,United States,Omaha,Nebraska,68104,Central,FUR-FU-10003347,Furniture,Furnishings,Coloredge Poster Frame,28.4,2,0.0,11.076,2015-02-03,2,2015,2015-02-05,2,39.0
810,CA-2014-151995,First Class,ZC-21910,Zuschuss Carroll,Consumer,United States,Edmonds,Washington,98026,West,OFF-AR-10003190,Office Supplies,Art,Newell 32,11.52,4,0.0,3.2256,2014-10-13,10,2014,2014-10-15,2,28.000000000000004
814,CA-2017-143686,Same Day,PJ-19015,Pauline Johnson,Consumer,United States,Santa Ana,California,92704,West,FUR-FU-10000794,Furniture,Furnishings,"Eldon Stackable Tray, Side-Load, Legal, Smoke",18.28,2,0.0,6.2152,2017-05-14,5,2017,2017-05-14,0,34.0
816,CA-2015-106565,First Class,BW-11110,Bart Watters,Corporate,United States,Milwaukee,Wisconsin,53209,Central,OFF-PA-10000061,Office Supplies,Paper,Xerox 205,51.84,8,0.0,24.8832,2015-03-20,3,2015,2015-03-23,3,47.99999999999999
817,CA-2016-149370,Standard Class,DB-13210,Dean Braden,Consumer,United States,Philadelphia,Pennsylvania,19140,East,OFF-PA-10003651,Office Supplies,Paper,Xerox 1968,5.344,1,0.2,1.8704,2016-09-15,9,2016,2016-09-19,4,35.0
818,CA-2014-140858,Standard Class,CA-12775,Cynthia Arntzen,Consumer,United States,Philadelphia,Pennsylvania,19140,East,OFF-PA-10000304,Office Supplies,Paper,Xerox 1995,41.472,8,0.2,14.5152,2014-06-28,7,2014,2014-07-02,4,35.0
823,CA-2017-101434,Standard Class,TR-21325,Toby Ritter,Consumer,United States,Belleville,New Jersey,7109,East,TEC-AC-10002402,Technology,Accessories,Razer Kraken PRO Over Ear PC and Music Headset,239.97,3,0.0,71.991,2017-06-20,6,2017,2017-06-27,7,30.0
825,US-2014-102071,Standard Class,PG-18820,Patrick Gardner,Consumer,United States,San Francisco,California,94110,West,TEC-AC-10003441,Technology,Accessories,Kingston Digital DataTraveler 32GB USB 2.0,67.8,4,0.0,4.068,2014-05-09,5,2014,2014-05-15,6,6.0
834,CA-2016-165316,Standard Class,JB-15400,Jennifer Braxton,Corporate,United States,Tampa,Florida,33614,South,OFF-AR-10002956,Office Supplies,Art,Boston 16801 Nautilus Battery Pencil Sharpener,35.216,2,0.2,2.6412,2016-07-23,7,2016,2016-07-27,4,7.5
839,US-2016-137547,Standard Class,EB-13705,Ed Braxton,Corporate,United States,Fort Worth,Texas,76106,Central,TEC-PH-10002365,Technology,Phones,Belkin Grip Candy Sheer Case / Cover for iPhone 5 and 5S,21.072,3,0.2,1.5804,2016-03-07,3,2016,2016-03-12,5,7.500000000000001
840,CA-2015-100454,Standard Class,BM-11650,Brian Moss,Corporate,United States,New York City,New York,10035,East,OFF-AR-10004648,Office Supplies,Art,Boston 19500 Mighty Mite Electric Pencil Sharpener,60.45,3,0.0,16.3215,2015-11-20,11,2015,2015-11-25,5,27.0
847,CA-2015-114300,Standard Class,AF-10885,Art Foster,Consumer,United States,Louisville,Kentucky,40214,South,TEC-PH-10001552,Technology,Phones,I Need's 3d Hello Kitty Hybrid Silicone Case Cover for HTC One X 4g with 3d Hello Kitty Stylus Pen Green/pink,83.72,7,0.0,23.4416,2015-10-13,10,2015,2015-10-17,4,28.000000000000004
849,CA-2017-107503,Standard Class,GA-14725,Guy Armstrong,Consumer,United States,Lorain,Ohio,44052,East,FUR-FU-10003878,Furniture,Furnishings,"Linden 10"" Round Wall Clock, Black",48.896,4,0.2,8.5568,2017-01-01,1,2017,2017-01-06,5,17.5
850,CA-2014-107755,Standard Class,CK-12760,Cyma Kinney,Corporate,United States,Linden,New Jersey,7036,East,TEC-AC-10000710,Technology,Accessories,Maxell DVD-RAM Discs,115.36,7,0.0,49.6048,2014-02-07,2,2014,2014-02-12,5,43.0
853,CA-2016-113747,Standard Class,VD-21670,Valerie Dominguez,Consumer,United States,Jackson,Mississippi,39212,South,OFF-AR-10003373,Office Supplies,Art,"Boston School Pro Electric Pencil Sharpener, 1670",185.88,6,0.0,50.1876,2016-05-28,6,2016,2016-06-04,7,27.0
854,CA-2016-123274,Standard Class,GT-14710,Greg Tran,Consumer,United States,New York City,New York,10035,East,FUR-FU-10004090,Furniture,Furnishings,"Executive Impressions 14"" Contract Wall Clock",44.46,2,0.0,14.6718,2016-02-19,2,2016,2016-02-24,5,32.99999999999999
859,CA-2017-161984,Standard Class,SJ-20125,Sanjit Jacobs,Home Office,United States,New Brunswick,New Jersey,8901,East,OFF-PA-10004569,Office Supplies,Paper,"Wirebound Message Books, Two 4 1/4"" x 5"" Forms per Page",7.61,1,0.0,3.5767,2017-04-10,4,2017,2017-04-15,5,47.0
863,CA-2016-134474,Second Class,AJ-10795,Anthony Johnson,Corporate,United States,Jacksonville,Florida,32216,South,TEC-AC-10001714,Technology,Accessories,Logitech MX Performance Wireless Mouse,191.472,6,0.2,40.6878,2016-01-05,1,2016,2016-01-07,2,21.25
866,CA-2014-149020,Standard Class,AJ-10780,Anthony Jacobs,Corporate,United States,Springfield,Virginia,22153,South,OFF-LA-10004272,Office Supplies,Labels,Avery 482,2.89,1,0.0,1.3583,2014-01-10,1,2014,2014-01-15,5,47.0
868,CA-2016-134362,First Class,LS-16945,Linda Southworth,Corporate,United States,Philadelphia,Pennsylvania,19140,East,OFF-LA-10004853,Office Supplies,Labels,Avery 483,15.936,4,0.2,5.1792,2016-09-29,10,2016,2016-10-02,3,32.5
869,CA-2014-136742,Standard Class,GP-14740,Guy Phonely,Corporate,United States,Lancaster,Pennsylvania,17602,East,OFF-BI-10003719,Office Supplies,Binders,Large Capacity Hanging Post Binders,44.91,6,0.7,-35.928,2014-04-06,4,2014,2014-04-10,4,-80.0
870,CA-2016-158099,First Class,PK-18910,Paul Knutson,Home Office,United States,Philadelphia,Pennsylvania,19143,East,OFF-BI-10000545,Office Supplies,Binders,GBC Ibimaster 500 Manual ProClick Binding System,1141.47,5,0.7,-760.98,2016-09-03,9,2016,2016-09-05,2,-66.66666666666666
872,CA-2015-131128,First Class,TB-21520,Tracy Blumstein,Consumer,United States,Concord,New Hampshire,3301,East,OFF-PA-10003591,Office Supplies,Paper,Southworth 100% Cotton The Best Paper,34.44,3,0.0,17.22,2015-10-19,10,2015,2015-10-20,1,50.0
873,CA-2014-148488,Standard Class,SM-20005,Sally Matthias,Consumer,United States,New York City,New York,10009,East,OFF-PA-10004470,Office Supplies,Paper,"Adams Write n' Stick Phone Message Book, 11"" X 5 1/4"", 200 Messages",11.36,2,0.0,5.2256,2014-12-10,12,2014,2014-12-15,5,46.0
875,CA-2017-114636,Standard Class,GA-14725,Guy Armstrong,Consumer,United States,Charlotte,North Carolina,28205,South,OFF-PA-10001790,Office Supplies,Paper,Xerox 1910,192.16,5,0.2,67.256,2017-08-25,8,2017,2017-08-29,4,35.0
876,CA-2016-116736,Standard Class,CC-12430,Chuck Clark,Home Office,United States,Concord,New Hampshire,3301,East,FUR-FU-10004017,Furniture,Furnishings,"Tenex Contemporary Contur Chairmats for Low and Medium Pile Carpet, Computer, 39"" x 49""",322.59,3,0.0,64.518,2016-01-17,1,2016,2016-01-21,4,20.0
879,US-2014-158638,Standard Class,AG-10765,Anthony Garverick,Home Office,United States,Philadelphia,Pennsylvania,19120,East,OFF-BI-10003712,Office Supplies,Binders,"Acco Pressboard Covers with Storage Hooks, 14 7/8"" x 11"", Light Blue",5.892,4,0.7,-4.1244,2014-09-17,9,2014,2014-09-21,4,-69.99999999999999
880,CA-2017-111689,Second Class,HP-14815,Harold Pawlan,Home Office,United States,New York City,New York,10024,East,OFF-BI-10003984,Office Supplies,Binders,Lock-Up Easel 'Spel-Binder',68.472,3,0.2,23.1093,2017-11-30,12,2017,2017-12-02,2,33.75
882,CA-2015-129098,Standard Class,DK-13090,Dave Kipp,Consumer,United States,Springfield,Virginia,22153,South,OFF-ST-10001321,Office Supplies,Storage,"Decoflex Hanging Personal Folder File, Blue",30.84,2,0.0,8.3268,2015-10-09,10,2015,2015-10-13,4,27.0
883,US-2017-123463,Same Day,GZ-14470,Gary Zandusky,Consumer,United States,San Francisco,California,94109,West,OFF-AR-10001118,Office Supplies,Art,"Binney & Smith Crayola Metallic Crayons, 16-Color Pack",13.48,4,0.0,5.9312,2017-12-23,12,2017,2017-12-23,0,43.99999999999999
884,CA-2016-165148,First Class,PM-19135,Peter McVee,Home Office,United States,Detroit,Michigan,48227,Central,FUR-FU-10000732,Furniture,Furnishings,Eldon 200 Class Desk Accessories,31.4,5,0.0,10.048,2016-10-22,10,2016,2016-10-24,2,32.0
885,CA-2014-134061,Standard Class,LL-16840,Lauren Leatherbury,Consumer,United States,Rochester,New York,14609,East,FUR-FU-10001424,Furniture,Furnishings,Dax Clear Box Frame,17.46,2,0.0,5.9364,2014-04-29,5,2014,2014-05-04,5,34.0
886,CA-2015-143602,Second Class,JS-15595,Jill Stevenson,Corporate,United States,Los Angeles,California,90045,West,OFF-BI-10002071,Office Supplies,Binders,Fellowes Black Plastic Comb Bindings,13.944,3,0.2,4.5318,2015-04-25,4,2015,2015-04-28,3,32.49999999999999
887,CA-2017-115364,Standard Class,OT-18730,Olvera Toch,Consumer,United States,San Diego,California,92105,West,OFF-ST-10002486,Office Supplies,Storage,Eldon Shelf Savers Cubes and Bins,83.76,12,0.0,1.6752,2017-06-26,7,2017,2017-07-02,6,2.0
888,CA-2017-150707,Standard Class,EL-13735,Ed Ludwig,Home Office,United States,Columbia,Maryland,21044,East,OFF-BI-10001078,Office Supplies,Binders,"Acco PRESSTEX Data Binder with Storage Hooks, Dark Blue, 14 7/8"" X 11""",37.66,7,0.0,18.4534,2017-10-14,10,2017,2017-10-19,5,49.0
889,CA-2014-104976,Standard Class,CK-12760,Cyma Kinney,Corporate,United States,San Francisco,California,94122,West,OFF-PA-10003845,Office Supplies,Paper,Xerox 1987,34.68,6,0.0,16.9932,2014-12-09,12,2014,2014-12-16,7,49.00000000000001
895,CA-2016-105494,First Class,PC-18745,Pamela Coakley,Corporate,United States,San Francisco,California,94122,West,OFF-ST-10002205,Office Supplies,Storage,File Shuttle I and Handi-File,155.82,7,0.0,42.0714,2016-11-10,11,2016,2016-11-12,2,27.0
897,CA-2016-140634,Second Class,HL-15040,Hunter Lopez,Consumer,United States,Houston,Texas,77095,Central,OFF-EN-10001099,Office Supplies,Envelopes,Staple envelope,15.648,2,0.2,5.0856,2016-10-03,10,2016,2016-10-06,3,32.5
898,CA-2014-144407,Standard Class,MS-17365,Maribeth Schnelling,Consumer,United States,Detroit,Michigan,48227,Central,OFF-LA-10003923,Office Supplies,Labels,Alphabetical Labels for Top Tab Filing,103.6,7,0.0,51.8,2014-09-09,9,2014,2014-09-15,6,50.0
899,CA-2017-160983,Second Class,GB-14530,George Bell,Corporate,United States,Auburn,New York,13021,East,OFF-PA-10002250,Office Supplies,Paper,Things To Do Today Pad,46.96,8,0.0,22.5408,2017-10-29,10,2017,2017-10-31,2,48.0
900,US-2016-114622,First Class,JR-16210,Justin Ritter,Corporate,United States,Springfield,Ohio,45503,East,OFF-BI-10004716,Office Supplies,Binders,Wilson Jones Hanging Recycled Pressboard Data Binders,8.904,2,0.7,-6.5296,2016-04-10,4,2016,2016-04-12,2,-73.33333333333334
901,CA-2017-150959,First Class,TD-20995,Tamara Dahlen,Consumer,United States,Garland,Texas,75043,Central,OFF-LA-10001045,Office Supplies,Labels,Permanent Self-Adhesive File Folder Labels for Typewriters by Universal,10.44,5,0.2,3.393,2017-11-11,11,2017,2017-11-13,2,32.5
914,CA-2017-102519,First Class,BM-11650,Brian Moss,Corporate,United States,Milwaukee,Wisconsin,53209,Central,FUR-FU-10004091,Furniture,Furnishings,"Howard Miller 13"" Diameter Goldtone Round Wall Clock",46.94,1,0.0,19.2454,2017-11-27,11,2017,2017-11-29,2,41.0
916,US-2014-141215,Standard Class,KL-16555,Kelly Lampkin,Corporate,United States,San Antonio,Texas,78207,Central,FUR-TA-10001520,Furniture,Tables,"Lesro Sheffield Collection Coffee Table, End Table, Center Table, Corner Table",99.918,2,0.3,-18.5562,2014-06-15,6,2014,2014-06-21,6,-18.571428571428573
919,CA-2016-165218,Standard Class,RW-19630,Rob Williams,Corporate,United States,Dallas,Texas,75220,Central,OFF-EN-10000056,Office Supplies,Envelopes,Cameo Buff Policy Envelopes,149.352,3,0.2,50.4063,2016-03-05,3,2016,2016-03-11,6,33.75
922,CA-2015-111164,Standard Class,SE-20110,Sanjit Engle,Consumer,United States,New York City,New York,10009,East,TEC-AC-10002473,Technology,Accessories,Maxell 4.7GB DVD-R,85.14,3,0.0,34.9074,2015-04-11,4,2015,2015-04-15,4,41.0
928,CA-2015-115091,Standard Class,JJ-15760,Joel Jenkins,Home Office,United States,Springfield,Virginia,22153,South,OFF-AR-10000658,Office Supplies,Art,Newell 324,46.2,4,0.0,12.936,2015-10-05,10,2015,2015-10-09,4,27.999999999999996
930,CA-2017-144932,First Class,AB-10165,Alan Barnes,Consumer,United States,Toledo,Ohio,43615,East,OFF-AR-10003560,Office Supplies,Art,Zebra Zazzle Fluorescent Highlighters,14.592,3,0.2,2.5536,2017-04-14,4,2017,2017-04-17,3,17.5
939,CA-2015-148250,Standard Class,RP-19270,Rachel Payne,Corporate,United States,Riverside,California,92503,West,OFF-PA-10000289,Office Supplies,Paper,Xerox 213,12.96,2,0.0,6.2208,2015-12-13,12,2015,2015-12-17,4,47.99999999999999
941,CA-2016-105760,First Class,KC-16255,Karen Carlisle,Corporate,United States,San Francisco,California,94110,West,OFF-PA-10000350,Office Supplies,Paper,"Message Book, Standard Line ""While You Were Out"", 5 1/2"" X 4"", 200 Sets/Book",17.12,2,0.0,8.0464,2016-06-19,6,2016,2016-06-20,1,47.0
944,CA-2015-120880,Standard Class,JL-15850,John Lucas,Consumer,United States,Seattle,Washington,98105,West,OFF-PA-10004101,Office Supplies,Paper,Xerox 1894,32.4,5,0.0,15.552,2015-05-29,6,2015,2015-06-03,5,48.0
947,US-2015-140200,First Class,CA-12775,Cynthia Arntzen,Consumer,United States,Mesa,Arizona,85204,West,FUR-TA-10002356,Furniture,Tables,Bevis Boat-Shaped Conference Table,393.165,3,0.5,-204.4458,2015-07-26,7,2015,2015-07-28,2,-51.99999999999999
948,US-2017-110576,Standard Class,RB-19795,Ross Baird,Home Office,United States,Philadelphia,Pennsylvania,19120,East,FUR-FU-10003601,Furniture,Furnishings,"Deflect-o RollaMat Studded, Beveled Mat for Medium Pile Carpeting",516.488,7,0.2,-12.9122,2017-11-28,12,2017,2017-12-02,4,-2.5
953,CA-2017-131156,Standard Class,KH-16360,Katherine Hughes,Consumer,United States,Philadelphia,Pennsylvania,19143,East,FUR-FU-10001940,Furniture,Furnishings,Staple-based wall hangings,25.472,4,0.2,7.6416,2017-04-03,4,2017,2017-04-07,4,30.0
957,CA-2017-102414,Second Class,JA-15970,Joseph Airdo,Consumer,United States,Phoenix,Arizona,85023,West,TEC-PH-10002923,Technology,Phones,"Logitech B530 USB Headset - headset - Full size, Binaural",29.592,1,0.2,2.5893,2017-05-15,5,2017,2017-05-18,3,8.75
960,CA-2015-112571,Same Day,DL-12925,Daniel Lacy,Consumer,United States,Oceanside,California,92054,West,FUR-FU-10004188,Furniture,Furnishings,Luxo Professional Combination Clamp-On Lamps,204.6,2,0.0,53.196,2015-09-22,9,2015,2015-09-22,0,26.0
964,CA-2014-127488,Second Class,MS-17365,Maribeth Schnelling,Consumer,United States,Boca Raton,Florida,33433,South,OFF-LA-10001613,Office Supplies,Labels,Avery File Folder Labels,4.608,2,0.2,1.6704,2014-09-22,9,2014,2014-09-24,2,36.25000000000001
965,CA-2017-135279,First Class,BS-11800,Bryan Spruell,Home Office,United States,New York City,New York,10011,East,OFF-LA-10004055,Office Supplies,Labels,Color-Coded Legal Exhibit Labels,9.82,2,0.0,4.8118,2017-04-09,4,2017,2017-04-11,2,49.0
971,CA-2014-115791,Second Class,DL-13315,Delfina Latchford,Consumer,United States,Philadelphia,Pennsylvania,19134,East,FUR-FU-10001095,Furniture,Furnishings,DAX Black Cherry Wood-Tone Poster Frame,127.104,6,0.2,28.5984,2014-01-16,1,2014,2014-01-18,2,22.5
975,US-2017-103247,Second Class,PO-19195,Phillina Ober,Home Office,United States,New York City,New York,10011,East,TEC-PH-10003555,Technology,Phones,Motorola HK250 Universal Bluetooth Headset,160.93,7,0.0,3.2186,2017-10-05,10,2017,2017-10-08,3,1.9999999999999998
977,US-2017-100209,Standard Class,TD-20995,Tamara Dahlen,Consumer,United States,Portland,Oregon,97206,West,OFF-BI-10002012,Office Supplies,Binders,Wilson Jones Easy Flow II Sheet Lifters,1.08,2,0.7,-0.792,2017-07-09,7,2017,2017-07-15,6,-73.33333333333333
978,CA-2017-159366,First Class,BW-11110,Bart Watters,Corporate,United States,Detroit,Michigan,48205,Central,TEC-MA-10000822,Technology,Machines,Lexmark MX611dhe Monochrome Laser Printer,3059.982,2,0.1,679.996,2017-01-07,1,2017,2017-01-10,3,22.22222222222222
980,CA-2015-157035,First Class,KB-16600,Ken Brennan,Corporate,United States,Columbus,Indiana,47201,Central,OFF-PA-10004156,Office Supplies,Paper,Xerox 188,34.02,3,0.0,16.6698,2015-12-09,12,2015,2015-12-12,3,48.99999999999999
985,CA-2017-100314,Standard Class,AS-10630,Ann Steele,Home Office,United States,Pasadena,Texas,77506,Central,OFF-LA-10001569,Office Supplies,Labels,Avery 499,7.968,2,0.2,2.5896,2017-09-29,10,2017,2017-10-05,6,32.5
988,CA-2015-146829,Same Day,TS-21340,Toby Swindell,Consumer,United States,Houston,Texas,77041,Central,OFF-BI-10004022,Office Supplies,Binders,Acco Suede Grain Vinyl Round Ring Binder,1.112,2,0.8,-1.8904,2015-03-10,3,2015,2015-03-10,0,-170.0
989,CA-2017-167899,Standard Class,JG-15805,John Grady,Corporate,United States,Auburn,New York,13021,East,FUR-FU-10004071,Furniture,Furnishings,Luxo Professional Magnifying Clamp-On Fluorescent Lamps,520.05,5,0.0,72.807,2017-05-21,5,2017,2017-05-26,5,14.000000000000002
991,CA-2015-153549,Second Class,SL-20155,Sara Luxemburg,Home Office,United States,Jacksonville,Florida,32216,South,FUR-CH-10004086,Furniture,Chairs,Hon 4070 Series Pagoda Armless Upholstered Stacking Chairs,1166.92,5,0.2,131.2785,2015-03-29,3,2015,2015-03-31,2,11.25
992,CA-2016-110023,First Class,TS-21610,Troy Staebel,Consumer,United States,New York City,New York,10024,East,OFF-BI-10001036,Office Supplies,Binders,Cardinal EasyOpen D-Ring Binders,14.624,2,0.2,5.484,2016-09-09,9,2016,2016-09-11,2,37.5
993,CA-2016-105585,First Class,RF-19735,Roland Fjeld,Consumer,United States,San Jose,California,95123,West,OFF-FA-10002983,Office Supplies,Fasteners,Advantus SlideClip Paper Clips,10.23,3,0.0,4.9104,2016-08-26,8,2016,2016-08-27,1,48.0
995,CA-2014-117639,Standard Class,MW-18235,Mitch Willingham,Corporate,United States,Virginia Beach,Virginia,23464,South,OFF-BI-10003925,Office Supplies,Binders,Fellowes PB300 Plastic Comb Binding Machine,2715.93,7,0.0,1276.4871,2014-05-21,5,2014,2014-05-25,4,47.0
997,CA-2015-162537,Standard Class,RD-19585,Rob Dowd,Consumer,United States,Henderson,Kentucky,42420,South,OFF-EN-10003862,Office Supplies,Envelopes,Laser & Ink Jet Business Envelopes,10.67,1,0.0,4.9082,2015-10-28,11,2015,2015-11-03,6,46.0
1001,CA-2016-155488,Standard Class,FM-14290,Frank Merwin,Home Office,United States,Vancouver,Washington,98661,West,OFF-AR-10002956,Office Supplies,Art,Boston 16801 Nautilus Battery Pencil Sharpener,44.02,2,0.0,11.4452,2016-11-13,11,2016,2016-11-17,4,25.999999999999996
1002,CA-2015-124891,Same Day,RH-19495,Rick Hansen,Consumer,United States,New York City,New York,10024,East,TEC-AC-10003033,Technology,Accessories,Plantronics CS510 - Over-the-Head monaural Wireless Headset System,2309.65,7,0.0,762.1845,2015-07-31,7,2015,2015-07-31,0,32.99999999999999
1005,CA-2015-126445,Standard Class,RA-19945,Ryan Akin,Consumer,United States,Murrieta,California,92563,West,OFF-ST-10000046,Office Supplies,Storage,Fellowes Super Stor/Drawer Files,484.65,3,0.0,92.0835,2015-08-27,8,2015,2015-08-31,4,19.0
1007,CA-2015-105312,First Class,MT-17815,Meg Tillman,Consumer,United States,Scottsdale,Arizona,85254,West,OFF-EN-10002600,Office Supplies,Envelopes,"Redi-Strip #10 Envelopes, 4 1/8 x 9 1/2",7.08,3,0.2,2.478,2015-11-06,11,2015,2015-11-09,3,35.0
1009,US-2017-106705,Standard Class,PO-18850,Patrick O'Brill,Consumer,United States,Burlington,Iowa,52601,Central,OFF-PA-10001509,Office Supplies,Paper,"Recycled Desk Saver Line ""While You Were Out"" Book, 5 1/2"" X 4""",44.75,5,0.0,20.585,2017-12-26,1,2018,2018-01-01,6,46.0
1010,CA-2017-135034,First Class,AT-10735,Annie Thurman,Consumer,United States,Chicago,Illinois,60653,Central,TEC-PH-10003931,Technology,Phones,JBL Micro Wireless Portable Bluetooth Speaker,95.984,2,0.2,5.999,2017-08-01,8,2017,2017-08-03,2,6.25
1014,US-2015-126214,Second Class,JS-15880,John Stevenson,Consumer,United States,Seattle,Washington,98103,West,FUR-TA-10003748,Furniture,Tables,Bevis 36 x 72 Conference Tables,1618.37,13,0.0,356.0414,2015-12-21,12,2015,2015-12-24,3,22.000000000000004
1017,CA-2015-108665,Standard Class,KM-16225,Kalyca Meade,Corporate,United States,New York City,New York,10011,East,FUR-FU-10002191,Furniture,Furnishings,G.E. Halogen Desk Lamp Bulbs,13.96,2,0.0,6.7008,2015-07-06,7,2015,2015-07-10,4,48.0
1021,CA-2015-124450,Standard Class,GT-14710,Greg Tran,Consumer,United States,Washington,District of Columbia,20016,East,OFF-AR-10001166,Office Supplies,Art,Staples in misc. colors,22.74,3,0.0,8.8686,2015-04-27,5,2015,2015-05-03,6,39.00000000000001
1024,CA-2015-167269,Standard Class,PB-19150,Philip Brown,Consumer,United States,Philadelphia,Pennsylvania,19134,East,OFF-EN-10003072,Office Supplies,Envelopes,Peel & Seel Envelopes,6.208,2,0.2,2.1728,2015-06-16,6,2015,2015-06-20,4,35.0
1026,CA-2016-126529,Second Class,DE-13255,Deanra Eno,Home Office,United States,Springfield,Ohio,45503,East,OFF-PA-10001166,Office Supplies,Paper,Xerox 2,15.552,3,0.2,5.4432,2016-01-11,1,2016,2016-01-13,2,35.0
1029,CA-2014-163552,Standard Class,LA-16780,Laura Armstrong,Corporate,United States,Hackensack,New Jersey,7601,East,OFF-PA-10000474,Office Supplies,Paper,Easy-staple paper,177.2,5,0.0,83.284,2014-07-11,7,2014,2014-07-15,4,47.00000000000001
1038,CA-2015-127418,First Class,JJ-15445,Jennifer Jackson,Consumer,United States,Los Angeles,California,90004,West,OFF-BI-10003707,Office Supplies,Binders,Aluminum Screw Posts,36.624,3,0.2,13.734,2015-06-13,6,2015,2015-06-14,1,37.5
1046,CA-2017-152702,Standard Class,SN-20710,Steve Nguyen,Home Office,United States,Rockford,Illinois,61107,Central,FUR-CH-10002304,Furniture,Chairs,"Global Stack Chair without Arms, Black",254.604,14,0.3,-18.186,2017-10-12,10,2017,2017-10-16,4,-7.142857142857142
1047,CA-2016-169103,Standard Class,ZC-21910,Zuschuss Carroll,Consumer,United States,Miami,Florida,33142,South,TEC-PH-10001530,Technology,Phones,Cisco Unified IP Phone 7945G VoIP phone,1363.96,5,0.2,85.2475,2016-03-08,3,2016,2016-03-13,5,6.25
1054,CA-2015-110667,Standard Class,NF-18595,Nicole Fjeld,Home Office,United States,New York City,New York,10009,East,OFF-AR-10000716,Office Supplies,Art,DIXON Ticonderoga Erasable Checking Pencils,11.16,2,0.0,4.3524,2015-04-04,4,2015,2015-04-08,4,39.0
1058,CA-2017-167150,Standard Class,BP-11185,Ben Peterman,Corporate,United States,San Diego,California,92037,West,OFF-BI-10001097,Office Supplies,Binders,Avery Hole Reinforcements,19.936,4,0.2,7.2268,2017-12-10,12,2017,2017-12-17,7,36.25
1060,CA-2016-105284,Standard Class,MG-17650,Matthew Grinstein,Home Office,United States,Philadelphia,Pennsylvania,19143,East,OFF-FA-10001754,Office Supplies,Fasteners,Stockwell Gold Paper Clips,4.416,3,0.2,1.6008,2016-11-24,12,2016,2016-12-01,7,36.25
1061,US-2015-125374,Standard Class,JD-16060,Julia Dunbar,Consumer,United States,Houston,Texas,77095,Central,FUR-CH-10003396,Furniture,Chairs,Global Deluxe Steno Chair,107.772,2,0.3,-29.2524,2015-03-23,3,2015,2015-03-29,6,-27.142857142857142
1062,CA-2015-161263,Standard Class,TS-21160,Theresa Swint,Corporate,United States,Toledo,Ohio,43615,East,OFF-AP-10002350,Office Supplies,Appliances,Belkin F9H710-06 7 Outlet SurgeMaster Surge Protector,45.216,3,0.2,4.5216,2015-04-16,4,2015,2015-04-21,5,10.0
1068,CA-2016-157686,First Class,BD-11620,Brian DeCherney,Consumer,United States,San Francisco,California,94122,West,FUR-CH-10001146,Furniture,Chairs,"Global Value Mid-Back Manager's Chair, Gray",194.848,4,0.2,12.178,2016-10-01,10,2016,2016-10-02,1,6.25
1069,US-2017-139955,Second Class,CM-12160,Charles McCrossin,Consumer,United States,Brownsville,Texas,78521,Central,OFF-SU-10001935,Office Supplies,Supplies,Staple remover,1.744,1,0.2,-0.3488,2017-09-28,9,2017,2017-09-30,2,-20.0
1070,US-2015-150161,Standard Class,RB-19795,Ross Baird,Home Office,United States,Philadelphia,Pennsylvania,19143,East,OFF-BI-10001524,Office Supplies,Binders,GBC Premium Transparent Covers with Diagonal Lined Pattern,25.176,4,0.7,-18.4624,2015-07-25,7,2015,2015-07-29,4,-73.33333333333333
1074,CA-2016-134348,Standard Class,MS-17710,Maurice Satty,Consumer,United States,Mesa,Arizona,85204,West,OFF-BI-10003727,Office Supplies,Binders,Avery Durable Slant Ring Binders With Label Holder,6.27,5,0.7,-4.598,2016-11-12,11,2016,2016-11-19,7,-73.33333333333334
1078,CA-2017-132521,Second Class,DW-13540,Don Weiss,Consumer,United States,Seattle,Washington,98105,West,OFF-AP-10002191,Office Supplies,Appliances,Belkin 8 Outlet SurgeMaster II Gold Surge Protector,119.96,2,0.0,33.5888,2017-09-23,9,2017,2017-09-25,2,28.000000000000004
1083,US-2016-143819,Standard Class,KD-16270,Karen Daniels,Consumer,United States,Yonkers,New York,10701,East,FUR-TA-10001095,Furniture,Tables,Chromcraft Round Conference Tables,836.592,8,0.4,-264.9208,2016-03-01,3,2016,2016-03-05,4,-31.666666666666664
1087,CA-2016-167584,Same Day,LC-16870,Lena Cacioppo,Consumer,United States,Des Moines,Iowa,50315,Central,OFF-PA-10000029,Office Supplies,Paper,Xerox 224,6.48,1,0.0,3.1104,2016-08-12,8,2016,2016-08-12,0,47.99999999999999
1090,CA-2017-158407,Standard Class,LW-16990,Lindsay Williams,Corporate,United States,Monroe,North Carolina,28110,South,FUR-FU-10001967,Furniture,Furnishings,Telescoping Adjustable Floor Lamp,31.984,2,0.2,1.999,2017-06-04,6,2017,2017-06-10,6,6.25
1092,CA-2015-143490,Standard Class,NP-18325,Naresj Patel,Consumer,United States,San Diego,California,92105,West,OFF-AR-10002952,Office Supplies,Art,Stanley Contemporary Battery Pencil Sharpeners,120.15,9,0.0,33.642,2015-12-06,12,2015,2015-12-13,7,28.000000000000004
1098,CA-2014-159338,First Class,NS-18640,Noel Staavos,Corporate,United States,Los Angeles,California,90049,West,FUR-TA-10004147,Furniture,Tables,Hon 4060 Series Tables,447.84,5,0.2,11.196,2014-06-25,6,2014,2014-06-28,3,2.5
1099,CA-2016-107216,First Class,PV-18985,Paul Van Hugh,Home Office,United States,San Francisco,California,94122,West,OFF-AR-10001545,Office Supplies,Art,Newell 326,7.04,4,0.0,2.0416,2016-06-14,6,2016,2016-06-17,3,28.999999999999996
1114,CA-2017-140585,Second Class,RA-19915,Russell Applegate,Consumer,United States,Encinitas,California,92024,West,OFF-BI-10003364,Office Supplies,Binders,Binding Machine Supplies,46.672,2,0.2,16.3352,2017-12-18,12,2017,2017-12-23,5,35.0
1117,CA-2016-144855,Second Class,DL-13495,Dionis Lloyd,Corporate,United States,San Francisco,California,94110,West,OFF-LA-10003766,Office Supplies,Labels,Self-Adhesive Removable Labels,6.3,2,0.0,3.024,2016-07-22,7,2016,2016-07-24,2,48.00000000000001
1118,CA-2015-142755,Standard Class,CS-12355,Christine Sundaresam,Consumer,United States,Roswell,Georgia,30076,South,OFF-PA-10001970,Office Supplies,Paper,Xerox 1908,279.9,5,0.0,137.151,2015-09-04,9,2015,2015-09-08,4,49.00000000000001
1122,US-2014-147627,Standard Class,HL-15040,Hunter Lopez,Consumer,United States,Jonesboro,Arkansas,72401,South,TEC-PH-10001061,Technology,Phones,Apple iPhone 5C,699.93,7,0.0,181.9818,2014-01-20,1,2014,2014-01-26,6,26.0
1130,CA-2016-112102,Standard Class,BD-11605,Brian Dahlen,Consumer,United States,Springfield,Virginia,22153,South,FUR-TA-10004086,Furniture,Tables,KI Adjustable-Height Table,343.92,4,0.0,75.6624,2016-04-12,4,2016,2016-04-16,4,22.0
1133,US-2016-114776,First Class,GG-14650,Greg Guthrie,Corporate,United States,Antioch,California,94509,West,OFF-PA-10004100,Office Supplies,Paper,Xerox 216,19.44,3,0.0,9.3312,2016-12-06,12,2016,2016-12-07,1,48.00000000000001
1134,US-2016-134908,Standard Class,JS-15940,Joni Sundaresam,Home Office,United States,Philadelphia,Pennsylvania,19134,East,OFF-ST-10003479,Office Supplies,Storage,"Eldon Base for stackable storage shelf, platinum",124.608,4,0.2,-23.364,2016-06-05,6,2016,2016-06-09,4,-18.75
1142,CA-2014-146969,Standard Class,AP-10915,Arthur Prichep,Consumer,United States,Los Angeles,California,90045,West,FUR-FU-10004188,Furniture,Furnishings,Luxo Professional Combination Clamp-On Lamps,204.6,2,0.0,53.196,2014-09-29,10,2014,2014-10-03,4,26.0
1152,CA-2015-113971,Standard Class,CB-12535,Claudia Bergmann,Corporate,United States,Cuyahoga Falls,Ohio,44221,East,FUR-FU-10001852,Furniture,Furnishings,"Eldon Regeneration Recycled Desk Accessories, Smoke",8.352,6,0.2,1.2528,2015-05-08,5,2015,2015-05-14,6,15.0
1153,CA-2017-160395,Standard Class,KL-16555,Kelly Lampkin,Corporate,United States,Reno,Nevada,89502,West,OFF-AR-10003759,Office Supplies,Art,"Crayola Anti Dust Chalk, 12/Pack",3.64,2,0.0,1.638,2016-12-31,1,2017,2017-01-06,6,44.99999999999999
1155,CA-2014-136567,First Class,PS-19045,Penelope Sewall,Home Office,United States,Harrisonburg,Virginia,22801,South,OFF-ST-10004337,Office Supplies,Storage,"SAFCO Commercial Wire Shelving, 72h",122.48,2,0.0,0.0,2014-12-20,12,2014,2014-12-21,1,0.0
1159,CA-2016-149314,Second Class,GB-14530,George Bell,Corporate,United States,Los Angeles,California,90004,West,FUR-CH-10002126,Furniture,Chairs,Hon Deluxe Fabric Upholstered Stacking Chairs,195.184,1,0.2,19.5184,2016-07-02,7,2016,2016-07-07,5,10.0
1162,CA-2014-126522,Second Class,LT-16765,Larry Tron,Consumer,United States,Escondido,California,92025,West,OFF-AR-10004042,Office Supplies,Art,"BOSTON Model 1800 Electric Pencil Sharpeners, Putty/Woodgrain",53.94,3,0.0,15.6426,2014-09-01,9,2014,2014-09-05,4,29.000000000000004
1166,CA-2014-117709,Standard Class,PM-18940,Paul MacIntyre,Consumer,United States,Jackson,Michigan,49201,Central,OFF-BI-10001294,Office Supplies,Binders,Fellowes Binding Cases,46.8,4,0.0,21.06,2014-05-04,5,2014,2014-05-08,4,45.0
1172,US-2014-100279,Standard Class,SW-20275,Scott Williamson,Consumer,United States,Royal Oak,Michigan,48073,Central,OFF-PA-10002259,Office Supplies,Paper,"Geographics Note Cards, Blank, White, 8 1/2"" x 11""",22.38,2,0.0,10.7424,2014-03-10,3,2014,2014-03-14,4,48.00000000000001
1173,CA-2014-158064,Standard Class,AA-10375,Allen Armold,Consumer,United States,Los Angeles,California,90008,West,OFF-BI-10002976,Office Supplies,Binders,ACCOHIDE Binder by Acco,16.52,5,0.2,5.5755,2014-04-21,4,2014,2014-04-25,4,33.75
1174,US-2015-104430,Standard Class,LT-17110,Liz Thompson,Consumer,United States,Bloomington,Illinois,61701,Central,OFF-BI-10000301,Office Supplies,Binders,GBC Instant Report Kit,5.176,4,0.8,-7.764,2015-10-22,10,2015,2015-10-26,4,-150.0
1175,CA-2015-132080,First Class,DP-13105,Dave Poirier,Corporate,United States,New York City,New York,10035,East,OFF-BI-10003694,Office Supplies,Binders,"Avery 3 1/2"" Diskette Storage Pages, 10/Pack",50.112,6,0.2,16.2864,2015-08-22,8,2015,2015-08-25,3,32.5
1177,CA-2014-120243,Second Class,AT-10435,Alyssa Tate,Home Office,United States,Los Angeles,California,90004,West,OFF-LA-10004425,Office Supplies,Labels,Staple-on labels,11.56,4,0.0,5.4332,2014-12-27,12,2014,2014-12-30,3,47.0
1180,CA-2016-168081,Second Class,CA-12055,Cathy Armstrong,Home Office,United States,Houston,Texas,77070,Central,TEC-AC-10003174,Technology,Accessories,Plantronics S12 Corded Telephone Headset System,258.696,3,0.2,64.674,2016-04-24,4,2016,2016-04-27,3,25.0
1183,CA-2017-138779,First Class,RB-19570,Rob Beeghly,Consumer,United States,Jacksonville,North Carolina,28540,South,OFF-EN-10002504,Office Supplies,Envelopes,"Tyvek  Top-Opening Peel & Seel Envelopes, Plain White",21.744,1,0.2,7.3386,2017-01-14,1,2017,2017-01-15,1,33.75
1189,CA-2017-117212,Second Class,BT-11530,Bradley Talbott,Home Office,United States,Los Angeles,California,90036,West,OFF-AP-10004532,Office Supplies,Appliances,Kensington 6 Outlet Guardian Standard Surge Protector,81.92,4,0.0,22.1184,2017-02-26,2,2017,2017-02-28,2,27.0
1194,US-2015-130519,Same Day,NG-18355,Nat Gilpin,Corporate,United States,Coral Springs,Florida,33065,South,OFF-PA-10001937,Office Supplies,Paper,Xerox 21,15.552,3,0.2,5.4432,2015-09-15,9,2015,2015-09-15,0,35.0
1201,CA-2016-114727,Standard Class,LS-16945,Linda Southworth,Corporate,United States,Denver,Colorado,80219,West,FUR-CH-10002335,Furniture,Chairs,Hon GuestStacker Chair,544.008,3,0.2,40.8006,2016-07-18,7,2016,2016-07-24,6,7.5
1213,US-2017-118087,Standard Class,SP-20620,Stefania Perrino,Corporate,United States,Philadelphia,Pennsylvania,19134,East,FUR-CH-10004860,Furniture,Chairs,Global Low Back Tilter Chair,141.372,2,0.3,-48.4704,2017-09-09,9,2017,2017-09-13,4,-34.28571428571428
1223,CA-2016-126004,First Class,BM-11140,Becky Martin,Consumer,United States,New York City,New York,10024,East,FUR-FU-10001602,Furniture,Furnishings,"Eldon Delta Triangular Chair Mat, 52"" x 58"", Clear",113.79,3,0.0,20.4822,2016-12-04,12,2016,2016-12-05,1,18.0
1239,CA-2014-127012,Standard Class,GM-14680,Greg Matthias,Consumer,United States,Seattle,Washington,98105,West,FUR-FU-10003691,Furniture,Furnishings,"Eldon Image Series Desk Accessories, Ebony",12.35,1,0.0,5.434,2014-08-11,8,2014,2014-08-15,4,44.0
1243,US-2016-162859,Standard Class,PG-18820,Patrick Gardner,Consumer,United States,New York City,New York,10009,East,OFF-BI-10004519,Office Supplies,Binders,GBC DocuBind P100 Manual Binding Machine,398.352,3,0.2,124.485,2016-02-15,2,2016,2016-02-22,7,31.25
1246,CA-2014-168494,Second Class,NP-18700,Nora Preis,Consumer,United States,Fresno,California,93727,West,FUR-TA-10004619,Furniture,Tables,Hon Non-Folding Utility Tables,764.688,6,0.2,95.586,2014-12-12,12,2014,2014-12-14,2,12.5
1253,CA-2015-154956,Standard Class,IM-15070,Irene Maddox,Consumer,United States,Milwaukee,Wisconsin,53209,Central,TEC-PH-10004165,Technology,Phones,Mitel MiVoice 5330e IP Phone,1099.96,4,0.0,285.9896,2015-07-04,7,2015,2015-07-09,5,26.0
1254,CA-2017-144638,Standard Class,MH-18115,Mick Hernandez,Home Office,United States,Chester,Pennsylvania,19013,East,OFF-AR-10003958,Office Supplies,Art,Newell 337,5.248,2,0.2,0.5904,2017-03-10,3,2017,2017-03-14,4,11.25
1258,US-2016-168620,Second Class,RB-19795,Ross Baird,Home Office,United States,Charlotte,North Carolina,28205,South,OFF-BI-10001575,Office Supplies,Binders,GBC Linen Binding Covers,27.882,3,0.7,-20.4468,2016-12-24,12,2016,2016-12-28,4,-73.33333333333333
1261,CA-2017-117079,Standard Class,JR-15700,Jocasta Rupert,Consumer,United States,Jacksonville,Florida,32216,South,TEC-PH-10004586,Technology,Phones,Wilson SignalBoost 841262 DB PRO Amplifier Kit,863.88,3,0.2,107.985,2017-10-23,10,2017,2017-10-27,4,12.5
1263,CA-2017-105053,Second Class,CS-12355,Christine Sundaresam,Consumer,United States,Long Beach,New York,11561,East,OFF-BI-10001634,Office Supplies,Binders,Wilson Jones Active Use Binders,17.472,3,0.2,6.3336,2017-07-07,7,2017,2017-07-09,2,36.24999999999999
1271,US-2016-103646,Standard Class,SP-20545,Sibella Parks,Corporate,United States,Chicago,Illinois,60623,Central,OFF-ST-10000563,Office Supplies,Storage,Fellowes Bankers Box Stor/Drawer Steel Plus,102.336,4,0.2,-12.792,2016-04-21,4,2016,2016-04-26,5,-12.5
1274,CA-2016-119186,Same Day,MS-17710,Maurice Satty,Consumer,United States,Fort Worth,Texas,76106,Central,OFF-PA-10004621,Office Supplies,Paper,Xerox 212,10.368,2,0.2,3.6288,2016-05-26,5,2016,2016-05-26,0,35.0
1278,CA-2016-148698,Standard Class,BD-11770,Bryan Davis,Consumer,United States,Houston,Texas,77070,Central,OFF-AR-10004022,Office Supplies,Art,Panasonic KP-380BK Classic Electric Pencil Sharpener,86.352,3,0.2,5.397,2016-05-02,5,2016,2016-05-07,5,6.25
1288,CA-2016-154711,Standard Class,TB-21355,Todd Boyes,Corporate,United States,New York City,New York,10009,East,FUR-FU-10000397,Furniture,Furnishings,Luxo Economy Swing Arm Lamp,39.88,2,0.0,11.1664,2016-11-22,11,2016,2016-11-26,4,27.999999999999996
1296,CA-2015-138898,Standard Class,JH-16180,Justin Hirsh,Consumer,United States,Pueblo,Colorado,81001,West,OFF-AP-10004487,Office Supplies,Appliances,Kensington 4 Outlet MasterPiece Compact Power Control Center,845.728,13,0.2,84.5728,2015-05-25,5,2015,2015-05-29,4,10.0
1301,CA-2016-137043,Second Class,LC-17140,Logan Currie,Consumer,United States,Springfield,Virginia,22153,South,FUR-FU-10003664,Furniture,Furnishings,"Electrix Architect's Clamp-On Swing Arm Lamp, Black",572.76,6,0.0,166.1004,2016-12-23,12,2016,2016-12-25,2,29.000000000000004
1303,CA-2015-115847,Second Class,TC-21535,Tracy Collins,Home Office,United States,Arlington,Virginia,22204,South,FUR-BO-10003433,Furniture,Bookcases,Sauder Cornerstone Collection Library,61.96,2,0.0,4.3372,2015-09-19,9,2015,2015-09-24,5,7.000000000000001
1304,US-2017-126179,Standard Class,CS-12460,Chuck Sachs,Consumer,United States,Columbus,Georgia,31907,South,FUR-FU-10002554,Furniture,Furnishings,"Westinghouse Floor Lamp with Metal Mesh Shade, Black",23.99,1,0.0,5.5177,2017-07-03,7,2017,2017-07-07,4,23.0
1314,US-2016-134488,Standard Class,PK-19075,Pete Kriz,Consumer,United States,Columbus,Ohio,43229,East,FUR-CH-10003199,Furniture,Chairs,Office Star - Contemporary Task Swivel Chair,155.372,2,0.3,-13.3176,2016-09-24,10,2016,2016-10-01,7,-8.571428571428571
1321,CA-2017-167703,Standard Class,MC-17575,Matt Collins,Consumer,United States,Cincinnati,Ohio,45231,East,OFF-BI-10002071,Office Supplies,Binders,Fellowes Black Plastic Comb Bindings,5.229,3,0.7,-4.1832,2017-02-03,2,2017,2017-02-08,5,-80.0
1323,CA-2017-121804,Standard Class,LP-17095,Liz Preis,Consumer,United States,Murray,Kentucky,42071,South,OFF-AP-10004859,Office Supplies,Appliances,Acco 6 Outlet Guardian Premium Surge Suppressor,72.8,5,0.0,19.656,2017-03-03,3,2017,2017-03-08,5,27.0
1324,CA-2017-162635,First Class,EB-14170,Evan Bailliet,Consumer,United States,Wilmington,North Carolina,28403,South,OFF-PA-10002659,Office Supplies,Paper,Avoid Verbal Orders Carbonless Minifold Book,10.816,4,0.2,3.5152,2017-10-09,10,2017,2017-10-10,1,32.5
1325,CA-2014-107153,Standard Class,GZ-14545,George Zrebassa,Corporate,United States,Lawrence,Massachusetts,1841,East,OFF-ST-10001321,Office Supplies,Storage,"Decoflex Hanging Personal Folder File, Blue",46.26,3,0.0,12.4902,2014-09-28,10,2014,2014-10-03,5,27.0
1327,CA-2015-120439,Standard Class,AD-10180,Alan Dominguez,Home Office,United States,Philadelphia,Pennsylvania,19120,East,FUR-FU-10001867,Furniture,Furnishings,"Eldon Expressions Punched Metal & Wood Desk Accessories, Pewter & Cherry",51.072,6,0.2,5.1072,2015-06-14,6,2015,2015-06-18,4,10.0
1328,CA-2016-128258,First Class,CP-12085,Cathy Prescott,Corporate,United States,Norwich,Connecticut,6360,East,OFF-PA-10004156,Office Supplies,Paper,Xerox 188,11.34,1,0.0,5.5566,2016-03-30,4,2016,2016-04-01,2,49.00000000000001
1329,CA-2017-106033,Second Class,FG-14260,Frank Gastineau,Home Office,United States,San Francisco,California,94110,West,OFF-AR-10002818,Office Supplies,Art,Panasonic KP-310 Heavy-Duty Electric Pencil Sharpener,87.92,4,0.0,26.376,2017-10-15,10,2017,2017-10-18,3,30.0
1330,CA-2016-142762,Standard Class,LD-17005,Lisa DeCherney,Consumer,United States,San Francisco,California,94109,West,FUR-FU-10003691,Furniture,Furnishings,"Eldon Image Series Desk Accessories, Ebony",37.05,3,0.0,16.302,2016-05-23,5,2016,2016-05-27,4,44.0
1331,CA-2017-127705,Standard Class,AB-10255,Alejandro Ballentine,Home Office,United States,Lorain,Ohio,44052,East,TEC-PH-10000347,Technology,Phones,Cush Cases Heavy Duty Rugged Cover Case for Samsung Galaxy S5 - Purple,2.97,1,0.4,-0.6435,2017-06-02,6,2017,2017-06-06,4,-21.666666666666664
1333,CA-2014-122567,Standard Class,MN-17935,Michael Nguyen,Consumer,United States,Dallas,Texas,75220,Central,OFF-BI-10002012,Office Supplies,Binders,Wilson Jones Easy Flow II Sheet Lifters,1.08,3,0.8,-1.728,2014-02-16,2,2014,2014-02-21,5,-160.0
1335,CA-2014-121664,Standard Class,HP-14815,Harold Pawlan,Home Office,United States,Los Angeles,California,90049,West,OFF-BI-10003684,Office Supplies,Binders,Wilson Jones Legal Size Ring Binders,140.736,8,0.2,52.776,2014-05-06,5,2014,2014-05-10,4,37.50000000000001
1336,CA-2016-122133,Standard Class,JR-15670,Jim Radford,Consumer,United States,Middletown,Connecticut,6457,East,OFF-ST-10002574,Office Supplies,Storage,"SAFCO Commercial Wire Shelving, Black",552.56,4,0.0,0.0,2016-05-16,5,2016,2016-05-23,7,0.0
1337,US-2017-123281,Standard Class,JF-15190,Jamie Frazer,Consumer,United States,Los Angeles,California,90008,West,FUR-FU-10003724,Furniture,Furnishings,Westinghouse Clip-On Gooseneck Lamps,25.11,3,0.0,6.5286,2017-04-02,4,2017,2017-04-07,5,26.0
1341,CA-2017-113481,First Class,AS-10045,Aaron Smayling,Corporate,United States,Jacksonville,North Carolina,28540,South,TEC-MA-10002178,Technology,Machines,Cisco CP-7937G Unified IP Conference Station Phone,695.7,2,0.5,-27.828,2017-01-02,1,2017,2017-01-04,2,-3.9999999999999996
1346,CA-2014-118339,Standard Class,BN-11515,Bradley Nguyen,Consumer,United States,Lakeville,Minnesota,55044,Central,OFF-AP-10001154,Office Supplies,Appliances,Bionaire Personal Warm Mist Humidifier/Vaporizer,93.78,2,0.0,36.5742,2014-03-17,3,2014,2014-03-24,7,38.99999999999999
1351,CA-2014-153976,Second Class,BP-11290,Beth Paige,Consumer,United States,Evanston,Illinois,60201,Central,FUR-CH-10002880,Furniture,Chairs,"Global High-Back Leather Tilter, Burgundy",258.279,3,0.3,-70.1043,2014-10-03,10,2014,2014-10-08,5,-27.142857142857142
1352,CA-2016-162901,First Class,AS-10045,Aaron Smayling,Corporate,United States,Arlington,Virginia,22204,South,OFF-ST-10000649,Office Supplies,Storage,Hanging Personal Folder File,31.4,2,0.0,7.85,2016-03-28,3,2016,2016-03-31,3,25.0
1353,CA-2017-162978,Standard Class,LW-16990,Lindsay Williams,Corporate,United States,San Francisco,California,94109,West,TEC-PH-10003092,Technology,Phones,Motorola L804,183.96,5,0.2,20.6955,2017-05-04,5,2017,2017-05-09,5,11.249999999999998
1358,CA-2016-145247,First Class,ND-18370,Natalie DeCherney,Consumer,United States,Louisville,Kentucky,40214,South,OFF-PA-10003641,Office Supplies,Paper,Xerox 1909,79.14,3,0.0,36.4044,2016-05-05,5,2016,2016-05-07,2,46.0
1359,CA-2017-160045,First Class,LB-16735,Larry Blacks,Consumer,United States,Fort Worth,Texas,76106,Central,FUR-FU-10000010,Furniture,Furnishings,"DAX Value U-Channel Document Frames, Easel Back",1.988,1,0.6,-1.4413,2017-04-26,4,2017,2017-04-27,1,-72.5
1360,US-2014-151925,Second Class,KT-16465,Kean Takahito,Consumer,United States,Los Angeles,California,90049,West,FUR-CH-10002961,Furniture,Chairs,"Leather Task Chair, Black",145.568,2,0.2,0.0,2014-09-26,10,2014,2014-10-01,5,0.0
1364,US-2017-155425,First Class,AB-10600,Ann Blume,Corporate,United States,Tucson,Arizona,85705,West,OFF-BI-10001036,Office Supplies,Binders,Cardinal EasyOpen D-Ring Binders,38.388,14,0.7,-25.592,2017-11-10,11,2017,2017-11-11,1,-66.66666666666666
1372,CA-2017-136672,Standard Class,MG-17890,Michael Granlund,Home Office,United States,Clinton,Maryland,20735,East,TEC-AC-10004510,Technology,Accessories,Logitech Desktop MK120 Mouse and keyboard Combo,49.08,3,0.0,4.908,2017-03-07,3,2017,2017-03-12,5,10.0
1373,US-2014-157021,Second Class,KM-16720,Kunst Miller,Consumer,United States,Vallejo,California,94591,West,OFF-LA-10002312,Office Supplies,Labels,Avery 490,29.6,2,0.0,14.8,2014-04-01,4,2014,2014-04-06,5,50.0
1375,CA-2015-120362,Standard Class,CA-12265,Christina Anderson,Consumer,United States,Provo,Utah,84604,West,FUR-TA-10003008,Furniture,Tables,"Lesro Round Back Collection Coffee Table, End Table",912.75,5,0.0,118.6575,2015-09-14,9,2015,2015-09-19,5,13.0
1376,CA-2014-126361,Second Class,VD-21670,Valerie Dominguez,Consumer,United States,Pleasant Grove,Utah,84062,West,OFF-AP-10003590,Office Supplies,Appliances,Hoover WindTunnel Plus Canister Vacuum,1089.75,3,0.0,305.13,2014-08-04,8,2014,2014-08-09,5,27.999999999999996
1383,US-2016-108504,Same Day,PP-18955,Paul Prost,Home Office,United States,Smyrna,Georgia,30080,South,OFF-ST-10002344,Office Supplies,Storage,"Carina 42""Hx23 3/4""W Media Storage Unit",80.98,1,0.0,1.6196,2016-02-05,2,2016,2016-02-05,0,1.9999999999999998
1401,CA-2016-159212,Standard Class,KM-16375,Katherine Murray,Home Office,United States,Salem,Virginia,24153,South,TEC-PH-10003988,Technology,Phones,"LF Elite 3D Dazzle Designer Hard Case Cover, Lf Stylus Pen and Wiper For Apple Iphone 5c Mini Lite",21.8,2,0.0,6.104,2016-11-01,11,2016,2016-11-05,4,27.999999999999996
1403,US-2016-161396,Standard Class,GM-14455,Gary Mitchum,Home Office,United States,Columbus,Ohio,43229,East,FUR-TA-10002622,Furniture,Tables,"Bush Andora Conference Table, Maple/Graphite Gray Finish",205.176,2,0.4,-58.1332,2016-04-19,4,2016,2016-04-25,6,-28.33333333333334
1408,CA-2016-130407,Standard Class,KD-16270,Karen Daniels,Consumer,United States,New York City,New York,10024,East,OFF-AR-10002240,Office Supplies,Art,Panasonic KP-150 Electric Pencil Sharpener,75.48,2,0.0,19.6248,2016-09-02,9,2016,2016-09-06,4,26.0
1410,US-2016-122245,Standard Class,AB-10105,Adrian Barton,Consumer,United States,Phoenix,Arizona,85023,West,FUR-TA-10002356,Furniture,Tables,Bevis Boat-Shaped Conference Table,393.165,3,0.5,-204.4458,2016-09-25,9,2016,2016-09-30,5,-51.99999999999999
1412,CA-2016-136329,Standard Class,JD-15895,Jonathan Doherty,Corporate,United States,New York City,New York,10035,East,FUR-CH-10002335,Furniture,Chairs,Hon GuestStacker Chair,408.006,2,0.1,72.5344,2016-07-09,7,2016,2016-07-13,4,17.777777777777782
1414,CA-2014-146640,Standard Class,HA-14905,Helen Abelman,Consumer,United States,New York City,New York,10024,East,OFF-BI-10002867,Office Supplies,Binders,GBC Recycled Regency Composition Covers,334.768,7,0.2,108.7996,2014-06-30,7,2014,2014-07-05,5,32.5
1415,CA-2017-115994,Second Class,BT-11305,Beth Thompson,Home Office,United States,Costa Mesa,California,92627,West,TEC-AC-10000580,Technology,Accessories,Logitech G13 Programmable Gameboard with LCD Display,239.97,3,0.0,26.3967,2017-01-28,1,2017,2017-01-31,3,11.0
1417,CA-2015-126697,First Class,SV-20815,Stuart Van,Corporate,United States,Houston,Texas,77041,Central,TEC-PH-10002922,Technology,Phones,ShoreTel ShorePhone IP 230 VoIP phone,946.344,7,0.2,118.293,2015-09-21,9,2015,2015-09-24,3,12.5
1435,US-2016-153129,Standard Class,FP-14320,Frank Preis,Consumer,United States,Seattle,Washington,98105,West,OFF-PA-10003673,Office Supplies,Paper,Strathmore Photo Mount Cards,33.9,5,0.0,15.594,2016-12-26,12,2016,2016-12-30,4,46.0
1440,CA-2017-122735,Second Class,BD-11320,Bill Donatelli,Consumer,United States,Providence,Rhode Island,2908,East,OFF-BI-10004364,Office Supplies,Binders,Storex Dura Pro Binders,29.7,5,0.0,13.365,2017-04-12,4,2017,2017-04-15,3,45.0
1442,CA-2017-128160,Second Class,MM-17920,Michael Moore,Consumer,United States,San Francisco,California,94110,West,OFF-BI-10001510,Office Supplies,Binders,Deluxe Heavy-Duty Vinyl Round Ring Binder,36.672,2,0.2,11.46,2017-12-19,12,2017,2017-12-24,5,31.250000000000007
1443,CA-2017-117695,First Class,PW-19030,Pauline Webber,Corporate,United States,Richmond,Kentucky,40475,South,OFF-PA-10002713,Office Supplies,Paper,"Adams Phone Message Book, 200 Message Capacity, 8 1/16 x 11",13.76,2,0.0,6.3296,2017-08-05,8,2017,2017-08-08,3,46.0
1444,CA-2015-166135,Standard Class,SC-20440,Shaun Chance,Corporate,United States,Aurora,Colorado,80013,West,OFF-ST-10002974,Office Supplies,Storage,"Trav-L-File Heavy-Duty Shuttle II, Black",139.424,4,0.2,17.428,2015-10-01,10,2015,2015-10-06,5,12.5
1446,CA-2017-102337,First Class,SD-20485,Shirley Daniels,Home Office,United States,Chicago,Illinois,60653,Central,OFF-ST-10004804,Office Supplies,Storage,"Belkin 19"" Vented Equipment Shelf, Black",164.736,4,0.2,-39.1248,2017-06-13,6,2017,2017-06-16,3,-23.75
1449,US-2014-112564,First Class,TS-21160,Theresa Swint,Corporate,United States,Philadelphia,Pennsylvania,19134,East,OFF-BI-10004876,Office Supplies,Binders,Wilson Jones Suede Grain Vinyl Binders,2.502,3,0.7,-1.7514,2014-04-23,4,2014,2014-04-24,1,-70.0
1450,CA-2015-145821,Standard Class,JB-15400,Jennifer Braxton,Corporate,United States,Los Angeles,California,90008,West,TEC-PH-10004348,Technology,Phones,OtterBox Defender Series Case - iPhone 5c,88.752,3,0.2,11.094,2015-05-01,5,2015,2015-05-07,6,12.5
1451,US-2015-160150,First Class,TS-21085,Thais Sissman,Consumer,United States,Phoenix,Arizona,85023,West,OFF-BI-10004352,Office Supplies,Binders,Wilson Jones DublLock D-Ring Binders,2.025,1,0.7,-1.35,2015-07-19,7,2015,2015-07-20,1,-66.66666666666667
1452,CA-2016-133711,First Class,MC-17425,Mark Cousins,Corporate,United States,Mobile,Alabama,36608,South,OFF-PA-10001685,Office Supplies,Paper,Easy-staple paper,70.98,7,0.0,34.7802,2016-11-26,11,2016,2016-11-29,3,49.0
1456,CA-2017-148474,Standard Class,ME-17320,Maria Etezadi,Home Office,United States,Columbus,Georgia,31907,South,OFF-BI-10000977,Office Supplies,Binders,Ibico Plastic Spiral Binding Combs,91.2,3,0.0,41.952,2017-06-12,6,2017,2017-06-19,7,46.0
1458,CA-2015-111297,Standard Class,SC-20440,Shaun Chance,Corporate,United States,New Bedford,Massachusetts,2740,East,OFF-BI-10002412,Office Supplies,Binders,Wilson Jones Snap Scratch Pad Binder Tool for Ring Binders,52.2,9,0.0,23.49,2015-08-17,8,2015,2015-08-21,4,44.99999999999999
1461,CA-2015-119907,Standard Class,LC-17140,Logan Currie,Consumer,United States,Seattle,Washington,98103,West,OFF-BI-10001765,Office Supplies,Binders,Wilson Jones Heavy-Duty Casebound Ring Binders with Metal Hinges,55.424,2,0.2,19.3984,2015-12-01,12,2015,2015-12-08,7,35.0
1468,CA-2015-100769,Same Day,TH-21550,Tracy Hopkins,Home Office,United States,Jacksonville,Florida,32216,South,TEC-AC-10002402,Technology,Accessories,Razer Kraken PRO Over Ear PC and Music Headset,255.968,4,0.2,31.996,2015-05-16,5,2015,2015-05-16,0,12.5
1472,US-2015-161466,Second Class,ON-18715,Odella Nelson,Corporate,United States,Philadelphia,Pennsylvania,19120,East,OFF-AR-10000634,Office Supplies,Art,Newell 320,6.848,2,0.2,0.5992,2015-09-24,9,2015,2015-09-27,3,8.75
1473,CA-2017-164959,Standard Class,KN-16390,Katherine Nockton,Corporate,United States,Los Angeles,California,90004,West,OFF-LA-10004272,Office Supplies,Labels,Avery 482,8.67,3,0.0,4.0749,2017-07-11,7,2017,2017-07-15,4,47.0
1477,US-2017-104955,Standard Class,CG-12040,Catherine Glotzbach,Home Office,United States,New York City,New York,10024,East,OFF-LA-10003121,Office Supplies,Labels,Avery 506,28.91,7,0.0,13.2986,2017-03-19,3,2017,2017-03-24,5,46.0
1480,US-2016-108455,Standard Class,MK-18160,Mike Kennedy,Consumer,United States,San Francisco,California,94122,West,OFF-PA-10002262,Office Supplies,Paper,Xerox 192,25.92,4,0.0,12.4416,2016-12-02,12,2016,2016-12-08,6,47.99999999999999
1485,US-2016-108098,Standard Class,CP-12340,Christine Phan,Corporate,United States,Seattle,Washington,98115,West,TEC-AC-10000865,Technology,Accessories,WD My Passport Ultra 500GB Portable External Hard Drive,177.0,3,0.0,30.09,2016-10-14,10,2016,2016-10-18,4,17.0
1486,CA-2014-119032,Standard Class,MS-17770,Maxwell Schwartz,Consumer,United States,New York City,New York,10035,East,OFF-FA-10003021,Office Supplies,Fasteners,Staples,3.76,2,0.0,1.316,2014-11-27,12,2014,2014-12-03,6,35.0
1487,CA-2015-140410,Standard Class,CM-12655,Corinna Mitchell,Home Office,United States,Los Angeles,California,90008,West,TEC-PH-10003580,Technology,Phones,Cisco IP Phone 7961G-GE VoIP phone,1212.848,7,0.2,106.1242,2015-11-03,11,2015,2015-11-07,4,8.75
1490,CA-2014-136280,Standard Class,Co-12640,Corey-Lock,Consumer,United States,Philadelphia,Pennsylvania,19143,East,OFF-LA-10000452,Office Supplies,Labels,Avery 488,5.04,2,0.2,1.764,2014-11-29,12,2014,2014-12-06,7,35.0
1491,CA-2017-151911,Second Class,DL-13495,Dionis Lloyd,Corporate,United States,New York City,New York,10024,East,OFF-EN-10002986,Office Supplies,Envelopes,"#10-4 1/8"" x 9 1/2"" Premium Diagonal Seam Envelopes",62.96,4,0.0,28.332,2017-04-30,5,2017,2017-05-05,5,45.0
1494,CA-2017-139661,Standard Class,JW-15220,Jane Waco,Corporate,United States,Vancouver,Washington,98661,West,FUR-FU-10002885,Furniture,Furnishings,Magna Visual Magnetic Picture Hangers,9.64,2,0.0,3.6632,2017-10-30,11,2017,2017-11-03,4,37.99999999999999
1495,CA-2014-123925,Second Class,RF-19840,Roy Französisch,Consumer,United States,Columbus,Georgia,31907,South,OFF-AR-10002952,Office Supplies,Art,Stanley Contemporary Battery Pencil Sharpeners,40.05,3,0.0,11.214,2014-12-17,12,2014,2014-12-19,2,28.000000000000004
1496,CA-2017-152485,Standard Class,JD-15790,John Dryer,Consumer,United States,Coppell,Texas,75019,Central,OFF-AR-10003759,Office Supplies,Art,"Crayola Anti Dust Chalk, 12/Pack",10.192,7,0.2,3.185,2017-09-04,9,2017,2017-09-08,4,31.25
1499,CA-2016-141586,First Class,NK-18490,Neil Knudson,Home Office,United States,San Francisco,California,94122,West,OFF-BI-10003981,Office Supplies,Binders,"Avery Durable Plastic 1"" Binders",18.16,5,0.2,6.583,2016-10-17,10,2016,2016-10-20,3,36.25
1505,CA-2015-153388,Standard Class,PC-19000,Pauline Chand,Home Office,United States,Los Angeles,California,90004,West,OFF-AR-10001868,Office Supplies,Art,Prang Dustless Chalk Sticks,6.72,4,0.0,3.36,2015-08-01,8,2015,2015-08-07,6,50.0
1510,CA-2017-103611,First Class,JM-15535,Jessica Myrick,Consumer,United States,Los Angeles,California,90036,West,FUR-FU-10004270,Furniture,Furnishings,"Eldon Image Series Desk Accessories, Burgundy",8.36,2,0.0,3.0096,2017-09-12,9,2017,2017-09-15,3,36.0
1518,CA-2014-111059,Second Class,TB-21400,Tom Boeckenhauer,Consumer,United States,Seattle,Washington,98105,West,OFF-BI-10004593,Office Supplies,Binders,Ibico Laser Imprintable Binding System Covers,83.84,2,0.2,27.248,2014-02-03,2,2014,2014-02-06,3,32.5
1520,CA-2017-116204,Second Class,VW-21775,Victoria Wilson,Corporate,United States,San Francisco,California,94110,West,OFF-BI-10001759,Office Supplies,Binders,"Acco Pressboard Covers with Storage Hooks, 14 7/8"" x 11"", Dark Blue",21.336,7,0.2,7.7343,2017-02-11,2,2017,2017-02-14,3,36.25000000000001
1521,CA-2017-109946,Standard Class,PL-18925,Paul Lucas,Home Office,United States,Chicago,Illinois,60610,Central,OFF-AR-10001419,Office Supplies,Art,Newell 325,16.52,5,0.2,2.065,2017-04-16,4,2017,2017-04-21,5,12.5
1531,CA-2015-103793,Standard Class,BV-11245,Benjamin Venier,Corporate,United States,Miami,Florida,33142,South,OFF-PA-10001125,Office Supplies,Paper,Xerox 1988,74.352,3,0.2,23.235,2015-03-26,3,2015,2015-03-31,5,31.25
1532,CA-2017-159884,Standard Class,JF-15490,Jeremy Farry,Consumer,United States,Tempe,Arizona,85281,West,OFF-ST-10000344,Office Supplies,Storage,"Neat Ideas Personal Hanging Folder Files, Black",10.744,1,0.2,0.8058,2017-08-31,9,2017,2017-09-05,5,7.5
1535,CA-2017-124086,Standard Class,MP-18175,Mike Pelletier,Home Office,United States,Laguna Niguel,California,92677,West,FUR-BO-10004015,Furniture,Bookcases,"Bush Andora Bookcase, Maple/Graphite Gray Finish",203.983,2,0.15,16.7986,2017-02-10,2,2017,2017-02-14,4,8.235294117647058
1536,CA-2016-112389,Standard Class,JM-15655,Jim Mitchum,Corporate,United States,Bridgeton,New Jersey,8302,East,OFF-ST-10000419,Office Supplies,Storage,"Rogers Jumbo File, Granite",40.74,3,0.0,0.4074,2016-10-29,11,2016,2016-11-02,4,0.9999999999999999
1542,CA-2014-166884,Second Class,CK-12205,Chloris Kastensmidt,Consumer,United States,Columbus,Ohio,43229,East,FUR-FU-10003981,Furniture,Furnishings,Eldon Wave Desk Accessories,8.32,5,0.2,2.288,2014-03-11,3,2014,2014-03-16,5,27.499999999999996
1544,CA-2014-107181,Standard Class,DB-13270,Deborah Brumfield,Home Office,United States,San Diego,California,92024,West,OFF-BI-10004230,Office Supplies,Binders,GBC Recycled Grain Textured Covers,82.896,3,0.2,29.0136,2014-02-04,2,2014,2014-02-08,4,35.0
1546,CA-2014-150245,Second Class,PC-18745,Pamela Coakley,Corporate,United States,Watertown,New York,13601,East,FUR-BO-10002613,Furniture,Bookcases,"Atlantic Metals Mobile 4-Shelf Bookcases, Custom Colors",1573.488,7,0.2,196.686,2014-12-31,1,2015,2015-01-04,4,12.5
1547,CA-2015-111395,Standard Class,VB-21745,Victoria Brennan,Corporate,United States,San Antonio,Texas,78207,Central,OFF-PA-10000994,Office Supplies,Paper,Xerox 1915,335.52,4,0.2,117.432,2015-11-23,11,2015,2015-11-27,4,35.0
1550,CA-2014-134278,First Class,EP-13915,Emily Phan,Consumer,United States,New York City,New York,10011,East,TEC-CO-10001046,Technology,Copiers,Canon Imageclass D680 Copier / Fax,559.992,1,0.2,174.9975,2014-07-06,7,2014,2014-07-08,2,31.25
1553,CA-2014-130274,First Class,JS-15940,Joni Sundaresam,Home Office,United States,Appleton,Wisconsin,54915,Central,OFF-LA-10002195,Office Supplies,Labels,Avery 481,21.56,7,0.0,10.3488,2014-05-03,5,2014,2014-05-05,2,48.00000000000001
1554,CA-2017-158386,Standard Class,BO-11425,Bobby Odegard,Consumer,United States,Richmond,Kentucky,40475,South,OFF-BI-10003719,Office Supplies,Binders,Large Capacity Hanging Post Binders,124.75,5,0.0,57.385,2017-10-16,10,2017,2017-10-21,5,46.0
1555,CA-2015-111507,Standard Class,VW-21775,Victoria Wilson,Corporate,United States,Bellevue,Washington,98006,West,OFF-AR-10001315,Office Supplies,Art,Newell 310,5.28,3,0.0,1.5312,2015-02-06,2,2015,2015-02-13,7,28.999999999999996
1560,CA-2016-126809,Standard Class,EB-13750,Edward Becker,Corporate,United States,Seattle,Washington,98103,West,OFF-BI-10003712,Office Supplies,Binders,"Acco Pressboard Covers with Storage Hooks, 14 7/8"" x 11"", Light Blue",35.352,9,0.2,12.8151,2016-04-09,4,2016,2016-04-13,4,36.25
1561,CA-2014-105172,Standard Class,PK-18910,Paul Knutson,Home Office,United States,San Francisco,California,94109,West,OFF-LA-10001641,Office Supplies,Labels,Avery 518,18.9,6,0.0,9.072,2014-04-04,4,2014,2014-04-09,5,48.0
1562,CA-2017-107293,First Class,CS-12400,Christopher Schild,Home Office,United States,Seattle,Washington,98115,West,OFF-AR-10003732,Office Supplies,Art,Newell 333,2.78,1,0.0,0.7228,2017-09-05,9,2017,2017-09-06,1,26.0
1564,CA-2015-158554,Same Day,CM-12190,Charlotte Melton,Consumer,United States,Philadelphia,Pennsylvania,19134,East,OFF-PA-10004000,Office Supplies,Paper,"While You Were Out Pads, 50 per Pad, 4 x 5 1/4, Green Cycle",11.352,3,0.2,4.1151,2015-11-09,11,2015,2015-11-09,0,36.25
1565,CA-2014-116239,Same Day,CL-12565,Clay Ludtke,Consumer,United States,Columbia,South Carolina,29203,South,OFF-ST-10001370,Office Supplies,Storage,Sensible Storage WireTech Storage Systems,354.9,5,0.0,17.745,2014-03-04,3,2014,2014-03-04,0,5.0
1566,CA-2015-132101,Standard Class,JO-15550,Jesus Ocampo,Home Office,United States,Seattle,Washington,98105,West,TEC-PH-10004539,Technology,Phones,Wireless Extenders zBoost YX545 SOHO Signal Booster,453.576,3,0.2,39.6879,2015-03-19,3,2015,2015-03-25,6,8.75
1569,US-2017-152002,Same Day,DV-13465,Dianna Vittorini,Consumer,United States,Los Angeles,California,90004,West,OFF-PA-10000357,Office Supplies,Paper,"White Dual Perf Computer Printout Paper, 2700 Sheets, 1 Part, Heavyweight, 20 lbs., 14 7/8 x 11",122.97,3,0.0,60.2553,2017-06-11,6,2017,2017-06-11,0,49.0
1571,US-2014-157385,First Class,SC-20095,Sanjit Chand,Consumer,United States,Los Angeles,California,90004,West,FUR-CH-10000863,Furniture,Chairs,Novimex Swivel Fabric Task Chair,603.92,5,0.2,-67.941,2014-11-23,11,2014,2014-11-25,2,-11.250000000000002
1575,CA-2014-101602,First Class,MC-18100,Mick Crebagga,Consumer,United States,El Paso,Texas,79907,Central,TEC-PH-10000169,Technology,Phones,ARKON Windshield Dashboard Air Vent Car Mount Holder,40.68,3,0.2,-9.153,2014-12-15,12,2014,2014-12-18,3,-22.5
1579,CA-2016-102456,First Class,DL-12865,Dan Lawera,Consumer,United States,New York City,New York,10011,East,OFF-AP-10004336,Office Supplies,Appliances,"Conquest 14 Commercial Heavy-Duty Upright Vacuum, Collection System, Accessory Kit",170.88,3,0.0,49.5552,2016-02-27,3,2016,2016-03-01,3,28.999999999999996
1590,CA-2016-109911,Standard Class,VG-21805,Vivek Grady,Corporate,United States,Virginia Beach,Virginia,23464,South,OFF-AR-10001662,Office Supplies,Art,Rogers Handheld Barrel Pencil Sharpener,10.96,4,0.0,2.9592,2016-05-12,5,2016,2016-05-16,4,26.999999999999996
1593,CA-2015-122826,Second Class,RD-19480,Rick Duston,Consumer,United States,Olympia,Washington,98502,West,TEC-PH-10004830,Technology,Phones,Pyle PRT45 Retro Home Telephone,201.568,4,0.2,22.6764,2015-06-23,6,2015,2015-06-25,2,11.25
1594,CA-2014-117317,Same Day,JF-15490,Jeremy Farry,Consumer,United States,Los Angeles,California,90032,West,OFF-PA-10004519,Office Supplies,Paper,Spiral Phone Message Books with Labels by Adams,13.44,3,0.0,6.5856,2014-10-19,10,2014,2014-10-19,0,49.00000000000001
1595,CA-2015-118423,First Class,DP-13390,Dennis Pardue,Home Office,United States,Peoria,Illinois,61604,Central,FUR-BO-10000362,Furniture,Bookcases,Sauder Inglewood Library Bookcases,359.058,3,0.3,-35.9058,2015-03-24,3,2015,2015-03-27,3,-10.0
1596,CA-2017-149181,Standard Class,MD-17350,Maribeth Dona,Consumer,United States,Columbus,Ohio,43229,East,FUR-CH-10004540,Furniture,Chairs,Global Chrome Stack Chair,47.992,2,0.3,-2.0568,2017-05-08,5,2017,2017-05-12,4,-4.285714285714286
1602,CA-2016-164672,Second Class,GB-14530,George Bell,Corporate,United States,Dover,Delaware,19901,East,FUR-FU-10001488,Furniture,Furnishings,"Tenex 46"" x 60"" Computer Anti-Static Chairmat, Rectangular Shaped",211.96,2,0.0,42.392,2016-05-08,5,2016,2016-05-13,5,20.0
1611,CA-2014-156349,Standard Class,ML-17395,Marina Lichtenstein,Corporate,United States,Los Angeles,California,90008,West,FUR-BO-10000362,Furniture,Bookcases,Sauder Inglewood Library Bookcases,290.666,2,0.15,27.3568,2014-05-26,5,2014,2014-05-30,4,9.411764705882353
1615,US-2016-113509,Standard Class,PL-18925,Paul Lucas,Home Office,United States,Philadelphia,Pennsylvania,19143,East,TEC-AC-10004855,Technology,Accessories,V7 USB Numeric Keypad,83.976,3,0.2,-13.6461,2016-03-15,3,2016,2016-03-19,4,-16.25
1616,CA-2015-130022,Standard Class,JK-16120,Julie Kriz,Home Office,United States,Eagan,Minnesota,55122,Central,OFF-LA-10002787,Office Supplies,Labels,Avery 480,3.75,1,0.0,1.8,2015-08-10,8,2015,2015-08-16,6,48.00000000000001
1619,US-2016-118780,Second Class,PN-18775,Parhena Norris,Home Office,United States,New York City,New York,10011,East,OFF-ST-10000352,Office Supplies,Storage,Acco Perma 2700 Stacking Storage Drawers,59.48,2,0.0,8.922,2016-09-10,9,2016,2016-09-14,4,15.000000000000002
1625,CA-2015-157084,Standard Class,JG-15160,James Galang,Consumer,United States,Los Angeles,California,90049,West,TEC-PH-10002922,Technology,Phones,ShoreTel ShorePhone IP 230 VoIP phone,675.96,5,0.2,84.495,2015-12-19,12,2015,2015-12-24,5,12.5
1627,CA-2015-164539,Standard Class,PO-19180,Philisse Overcash,Home Office,United States,New York City,New York,10011,East,OFF-AP-10002457,Office Supplies,Appliances,"Eureka The Boss Plus 12-Amp Hard Box Upright Vacuum, Red",523.25,5,0.0,141.2775,2015-11-16,11,2015,2015-11-22,6,27.0
1629,CA-2017-101049,Second Class,AS-10240,Alan Shonely,Consumer,United States,Cleveland,Ohio,44105,East,FUR-FU-10004415,Furniture,Furnishings,"Stacking Tray, Side-Loading, Legal, Smoke",17.92,5,0.2,2.464,2017-06-21,6,2017,2017-06-25,4,13.749999999999998
1647,CA-2015-105221,First Class,VM-21685,Valerie Mitchum,Home Office,United States,Philadelphia,Pennsylvania,19140,East,TEC-AC-10002323,Technology,Accessories,SanDisk Ultra 32 GB MicroSDHC Class 10 Memory Card,35.36,2,0.2,-3.094,2015-11-01,11,2015,2015-11-03,2,-8.75
1651,CA-2014-135699,Same Day,HH-15010,Hilary Holden,Corporate,United States,San Francisco,California,94110,West,OFF-PA-10004475,Office Supplies,Paper,Xerox 1940,109.92,2,0.0,53.8608,2014-08-29,8,2014,2014-08-29,0,49.0
1653,US-2017-132444,First Class,CD-12280,Christina DeMoss,Consumer,United States,Seattle,Washington,98105,West,OFF-ST-10003442,Office Supplies,Storage,Eldon Portable Mobile Manager,169.68,6,0.0,45.8136,2017-11-18,11,2017,2017-11-21,3,27.0
1658,CA-2014-127159,First Class,HL-15040,Hunter Lopez,Consumer,United States,Milwaukee,Wisconsin,53209,Central,FUR-FU-10000010,Furniture,Furnishings,"DAX Value U-Channel Document Frames, Easel Back",34.79,7,0.0,10.7849,2014-05-12,5,2014,2014-05-15,3,31.0
1670,US-2015-157154,Standard Class,MM-17920,Michael Moore,Consumer,United States,New York City,New York,10011,East,FUR-TA-10001889,Furniture,Tables,Bush Advantage Collection Racetrack Conference Table,1018.104,4,0.4,-373.3048,2015-01-10,1,2015,2015-01-15,5,-36.666666666666664
1672,CA-2016-107615,First Class,RB-19645,Robert Barroso,Corporate,United States,North Las Vegas,Nevada,89031,West,TEC-AC-10001013,Technology,Accessories,Logitech ClearChat Comfort/USB Headset H390,58.58,2,0.0,19.3314,2016-03-22,3,2016,2016-03-25,3,32.99999999999999
1674,CA-2015-150560,First Class,SW-20455,Shaun Weien,Consumer,United States,Suffolk,Virginia,23434,South,OFF-LA-10003930,Office Supplies,Labels,"Dot Matrix Printer Tape Reel Labels, White, 5000/Box",196.62,2,0.0,96.3438,2015-12-11,12,2015,2015-12-12,1,49.0
1677,CA-2016-122728,Standard Class,EB-13930,Eric Barreto,Consumer,United States,San Francisco,California,94110,West,OFF-ST-10000604,Office Supplies,Storage,Home/Office Personal File Carts,104.28,3,0.0,26.07,2016-05-18,5,2016,2016-05-24,6,25.0
1679,CA-2014-122882,Standard Class,SB-20290,Sean Braxton,Corporate,United States,Philadelphia,Pennsylvania,19134,East,OFF-ST-10002344,Office Supplies,Storage,"Carina 42""Hx23 3/4""W Media Storage Unit",64.784,1,0.2,-14.5764,2014-09-07,9,2014,2014-09-13,6,-22.499999999999996
1685,CA-2017-149489,First Class,DK-12835,Damala Kotsonis,Corporate,United States,Philadelphia,Pennsylvania,19143,East,OFF-AP-10002495,Office Supplies,Appliances,"Acco Smartsocket Table Surge Protector, 6 Color-Coded Adapter Outlets",99.28,2,0.2,12.41,2017-04-24,4,2017,2017-04-27,3,12.5
1690,CA-2014-142839,Standard Class,TS-21610,Troy Staebel,Consumer,United States,Philadelphia,Pennsylvania,19143,East,FUR-TA-10001539,Furniture,Tables,Chromcraft Rectangular Conference Tables,853.092,6,0.4,-227.4912,2014-08-16,8,2014,2014-08-20,4,-26.666666666666668
1693,US-2016-154361,Standard Class,HZ-14950,Henia Zydlo,Consumer,United States,Columbus,Ohio,43229,East,FUR-FU-10004020,Furniture,Furnishings,Advantus Panel Wall Acrylic Frame,21.88,5,0.2,6.2905,2016-03-14,3,2016,2016-03-19,5,28.749999999999996
1700,CA-2014-135657,Second Class,SC-20725,Steven Cartwright,Consumer,United States,Seattle,Washington,98115,West,FUR-TA-10004086,Furniture,Tables,KI Adjustable-Height Table,515.88,6,0.0,113.4936,2014-06-03,6,2014,2014-06-07,4,22.0
1701,CA-2015-114069,Second Class,ND-18370,Natalie DeCherney,Consumer,United States,New York City,New York,10035,East,OFF-BI-10000320,Office Supplies,Binders,GBC Plastic Binding Combs,11.808,2,0.2,4.2804,2015-07-13,7,2015,2015-07-15,2,36.25000000000001
1704,CA-2014-139857,Standard Class,CD-12790,Cynthia Delaney,Home Office,United States,San Diego,California,92037,West,OFF-FA-10001843,Office Supplies,Fasteners,Staples,12.35,5,0.0,5.8045,2014-02-02,2,2014,2014-02-06,4,47.0
1713,CA-2015-145401,Standard Class,JP-15520,Jeremy Pistek,Consumer,United States,Houston,Texas,77070,Central,OFF-PA-10004405,Office Supplies,Paper,Rediform Voice Mail Log Books,14.304,6,0.2,5.0064,2015-01-30,2,2015,2015-02-04,5,35.0
1714,US-2017-124968,Second Class,MM-18055,Michelle Moray,Consumer,United States,Chicago,Illinois,60610,Central,FUR-TA-10004289,Furniture,Tables,BoxOffice By Design Rectangular and Half-Moon Meeting Room Tables,765.625,7,0.5,-566.5625,2017-09-08,9,2017,2017-09-13,5,-74.0
1715,CA-2017-104003,Standard Class,DC-13285,Debra Catini,Consumer,United States,San Francisco,California,94110,West,FUR-BO-10003965,Furniture,Bookcases,O'Sullivan Manor Hill 2-Door Library in Brianna Oak,307.666,2,0.15,-14.4784,2017-10-07,10,2017,2017-10-13,6,-4.705882352941177
1716,CA-2016-154788,Standard Class,JL-15835,John Lee,Consumer,United States,New York City,New York,10011,East,OFF-BI-10003314,Office Supplies,Binders,Tuff Stuff Recycled Round Ring Binders,7.712,2,0.2,2.7956,2016-04-30,5,2016,2016-05-04,4,36.25
1728,US-2017-164056,Second Class,FM-14215,Filia McAdams,Corporate,United States,Dublin,Ohio,43017,East,FUR-TA-10001307,Furniture,Tables,"SAFCO PlanMaster Heigh-Adjustable Drafting Table Base, 43w x 30d x 30-37h, Black",1048.35,5,0.4,-69.89,2017-04-29,5,2017,2017-05-04,5,-6.666666666666668
1729,CA-2016-106894,Same Day,CA-12265,Christina Anderson,Consumer,United States,Springfield,Virginia,22153,South,TEC-AC-10003063,Technology,Accessories,Micro Innovations USB RF Wireless Keyboard with Mouse,100.0,4,0.0,21.0,2016-02-07,2,2016,2016-02-07,0,21.0
1735,CA-2017-101483,Second Class,AG-10675,Anna Gayman,Consumer,United States,Jacksonville,North Carolina,28540,South,OFF-AP-10002082,Office Supplies,Appliances,Holmes HEPA Air Purifier,34.848,2,0.2,6.534,2017-07-29,8,2017,2017-08-01,3,18.75
1746,CA-2014-133270,First Class,BM-11785,Bryan Mills,Consumer,United States,Rochester,New York,14609,East,OFF-AR-10002656,Office Supplies,Art,Sanford Liquid Accent Highlighters,13.36,2,0.0,4.9432,2014-06-06,6,2014,2014-06-09,3,37.0
1747,CA-2016-155670,Second Class,EM-14065,Erin Mull,Consumer,United States,Jacksonville,North Carolina,28540,South,OFF-BI-10000138,Office Supplies,Binders,Acco Translucent Poly Ring Binders,11.232,8,0.7,-8.2368,2016-08-13,8,2016,2016-08-17,4,-73.33333333333334
1749,US-2014-157406,Standard Class,DA-13450,Dianna Arnett,Home Office,United States,Houston,Texas,77095,Central,OFF-PA-10003543,Office Supplies,Paper,Xerox 1985,10.368,2,0.2,3.6288,2014-04-25,4,2014,2014-04-29,4,35.0
1753,CA-2017-116715,First Class,VW-21775,Victoria Wilson,Corporate,United States,San Francisco,California,94122,West,OFF-ST-10004340,Office Supplies,Storage,"Fellowes Mobile File Cart, Black",559.62,9,0.0,151.0974,2017-12-02,12,2017,2017-12-05,3,26.999999999999996
1756,CA-2015-135622,Second Class,TT-21460,Tonja Turnell,Home Office,United States,Fort Worth,Texas,76106,Central,OFF-PA-10000100,Office Supplies,Paper,Xerox 1945,360.712,11,0.2,130.7581,2015-12-08,12,2015,2015-12-11,3,36.25000000000001
1760,CA-2014-141817,Standard Class,MB-18085,Mick Brown,Consumer,United States,Philadelphia,Pennsylvania,19143,East,OFF-AR-10003478,Office Supplies,Art,"Avery Hi-Liter EverBold Pen Style Fluorescent Highlighters, 4/Pack",19.536,3,0.2,4.884,2014-01-05,1,2014,2014-01-12,7,25.0
1761,CA-2015-130785,Standard Class,AG-10900,Arthur Gainer,Consumer,United States,San Diego,California,92105,West,FUR-BO-10000330,Furniture,Bookcases,"Sauder Camden County Barrister Bookcase, Planked Cherry Finish",411.332,4,0.15,-4.8392,2015-09-05,9,2015,2015-09-09,4,-1.1764705882352942
1764,CA-2016-110254,Standard Class,ML-17755,Max Ludwig,Home Office,United States,Suffolk,Virginia,23434,South,OFF-SU-10002573,Office Supplies,Supplies,"Acme 10"" Easy Grip Assistive Scissors",35.06,2,0.0,10.518,2016-08-04,8,2016,2016-08-08,4,30.0
1768,US-2014-158057,Standard Class,CC-12685,Craig Carroll,Consumer,United States,Greensboro,North Carolina,27405,South,OFF-BI-10004410,Office Supplies,Binders,"C-Line Peel & Stick Add-On Filing Pockets, 8-3/4 x 5-1/8, 10/Pack",7.644,4,0.7,-5.8604,2014-03-22,3,2014,2014-03-26,4,-76.66666666666667
1770,CA-2017-146024,Standard Class,SC-20770,Stewart Carmichael,Corporate,United States,Dallas,Texas,75081,Central,OFF-SU-10001935,Office Supplies,Supplies,Staple remover,6.976,4,0.2,-1.3952,2017-03-02,3,2017,2017-03-08,6,-20.0
1772,CA-2016-129686,Second Class,GG-14650,Greg Guthrie,Corporate,United States,Chicago,Illinois,60623,Central,OFF-ST-10004337,Office Supplies,Storage,"SAFCO Commercial Wire Shelving, 72h",97.984,2,0.2,-24.496,2016-11-27,11,2016,2016-11-29,2,-25.0
1774,CA-2014-118976,Standard Class,MY-18295,Muhammed Yedwab,Corporate,United States,Baltimore,Maryland,21215,East,OFF-BI-10001628,Office Supplies,Binders,"Acco Data Flex Cable Posts For Top & Bottom Load Binders, 6"" Capacity",20.86,2,0.0,9.387,2014-04-28,5,2014,2014-05-03,5,45.0
1780,CA-2016-124667,Standard Class,BD-11770,Bryan Davis,Consumer,United States,New York City,New York,10011,East,TEC-AC-10003447,Technology,Accessories,Micropad Numeric Keypads,59.97,3,0.0,14.9925,2016-11-11,11,2016,2016-11-16,5,25.0
1782,CA-2015-111094,Standard Class,CB-12535,Claudia Bergmann,Corporate,United States,Franklin,Massachusetts,2038,East,OFF-PA-10001609,Office Supplies,Paper,Tops Wirebound Message Log Books,6.58,2,0.0,3.0268,2015-07-09,7,2015,2015-07-13,4,46.0
1784,CA-2017-166317,Standard Class,JE-15610,Jim Epp,Corporate,United States,Milwaukee,Wisconsin,53209,Central,OFF-PA-10004475,Office Supplies,Paper,Xerox 1940,219.84,4,0.0,107.7216,2017-09-22,9,2017,2017-09-26,4,49.0
1788,CA-2015-154326,Standard Class,RP-19855,Roy Phan,Corporate,United States,Kenosha,Wisconsin,53142,Central,TEC-PH-10001819,Technology,Phones,Innergie mMini Combo Duo USB Travel Charging Kit,134.97,3,0.0,64.7856,2015-02-15,2,2015,2015-02-19,4,48.00000000000001
1791,CA-2014-102008,Standard Class,RA-19915,Russell Applegate,Consumer,United States,New York City,New York,10011,East,OFF-PA-10004092,Office Supplies,Paper,Tops Green Bar Computer Printout Paper,48.94,1,0.0,24.47,2014-09-30,10,2014,2014-10-04,4,50.0
1792,CA-2014-120474,First Class,RP-19390,Resi Pölking,Consumer,United States,Madison,Wisconsin,53711,Central,FUR-CH-10001854,Furniture,Chairs,Office Star - Professional Matrix Back Chair with 2-to-1 Synchro Tilt and Mesh Fabric Seat,2807.84,8,0.0,673.8816,2014-12-01,12,2014,2014-12-03,2,24.0
1794,CA-2014-104773,Standard Class,TB-21175,Thomas Boland,Corporate,United States,Houston,Texas,77041,Central,OFF-ST-10000777,Office Supplies,Storage,"Companion Letter/Legal File, Black",60.416,2,0.2,6.0416,2014-12-08,12,2014,2014-12-13,5,10.0
1800,CA-2016-121034,Second Class,JF-15565,Jill Fjeld,Consumer,United States,Dallas,Texas,75081,Central,OFF-FA-10000585,Office Supplies,Fasteners,OIC Bulk Pack Metal Binder Clips,11.168,4,0.2,3.6296,2016-08-08,8,2016,2016-08-10,2,32.5
1806,US-2016-116729,First Class,GK-14620,Grace Kelly,Corporate,United States,Los Angeles,California,90049,West,TEC-PH-10002200,Technology,Phones,Samsung Galaxy Note 2,2575.944,7,0.2,257.5944,2016-12-25,12,2016,2016-12-28,3,10.0
1809,CA-2016-164938,First Class,PB-19210,Phillip Breyer,Corporate,United States,Tulsa,Oklahoma,74133,Central,TEC-PH-10004897,Technology,Phones,Mediabridge Sport Armband iPhone 5s,69.93,7,0.0,0.6993,2016-02-11,2,2016,2016-02-13,2,1.0
1816,CA-2015-164833,Same Day,LL-16840,Lauren Leatherbury,Consumer,United States,Seattle,Washington,98105,West,OFF-LA-10000443,Office Supplies,Labels,Avery 501,7.38,2,0.0,3.4686,2015-06-04,6,2015,2015-06-04,0,47.0
1819,US-2014-130379,Standard Class,JL-15235,Janet Lee,Consumer,United States,Chicago,Illinois,60623,Central,OFF-AP-10001394,Office Supplies,Appliances,Harmony Air Purifier,75.6,2,0.8,-166.32,2014-05-25,5,2014,2014-05-29,4,-220.00000000000003
1821,CA-2016-168956,Standard Class,EA-14035,Erin Ashbrook,Corporate,United States,Chicago,Illinois,60623,Central,OFF-AP-10004233,Office Supplies,Appliances,Honeywell Enviracaire Portable Air Cleaner for up to 8 x 10 Room,92.064,6,0.8,-225.5568,2016-02-16,2,2016,2016-02-20,4,-245.00000000000003
1825,CA-2016-167507,Standard Class,SA-20830,Sue Ann Reed,Consumer,United States,Redmond,Oregon,97756,West,OFF-BI-10003694,Office Supplies,Binders,"Avery 3 1/2"" Diskette Storage Pages, 10/Pack",31.32,10,0.7,-25.056,2016-12-22,12,2016,2016-12-28,6,-80.0
1828,CA-2016-109344,Second Class,CH-12070,Cathy Hwang,Home Office,United States,Raleigh,North Carolina,27604,South,TEC-PH-10002624,Technology,Phones,Samsung Galaxy S4 Mini,1127.976,3,0.2,126.8973,2016-02-08,2,2016,2016-02-11,3,11.249999999999998
1830,CA-2014-103373,Standard Class,BS-11755,Bruce Stewart,Consumer,United States,Cleveland,Ohio,44105,East,TEC-PH-10002885,Technology,Phones,Apple iPhone 5,779.796,2,0.4,-168.9558,2014-05-18,5,2014,2014-05-24,6,-21.666666666666668
1833,CA-2015-131422,Standard Class,GB-14530,George Bell,Corporate,United States,Monroe,North Carolina,28110,South,FUR-CH-10001270,Furniture,Chairs,Harbour Creations Steel Folding Chair,207.0,3,0.2,25.875,2015-11-05,11,2015,2015-11-09,4,12.5
1837,CA-2017-122693,Second Class,NH-18610,Nicole Hansen,Corporate,United States,Roswell,Georgia,30076,South,OFF-AP-10002518,Office Supplies,Appliances,Kensington 7 Outlet MasterPiece Power Center,1245.86,7,0.0,361.2994,2017-02-19,2,2017,2017-02-21,2,29.000000000000004
1838,CA-2014-117345,Standard Class,BF-10975,Barbara Fisher,Corporate,United States,Charlotte,North Carolina,28205,South,OFF-LA-10000240,Office Supplies,Labels,Self-Adhesive Address Labels for Typewriters by Universal,17.544,3,0.2,5.9211,2014-08-01,8,2014,2014-08-05,4,33.75
1846,US-2017-158512,Second Class,DA-13450,Dianna Arnett,Home Office,United States,Washington,District of Columbia,20016,East,OFF-PA-10001804,Office Supplies,Paper,Xerox 195,40.08,6,0.0,19.2384,2017-01-12,1,2017,2017-01-17,5,48.0
1850,CA-2015-160472,Second Class,RK-19300,Ralph Kennedy,Consumer,United States,South Bend,Indiana,46614,Central,OFF-ST-10000464,Office Supplies,Storage,"Multi-Use Personal File Cart and Caster Set, Three Stacking Bins",34.76,1,0.0,9.7328,2015-07-20,7,2015,2015-07-25,5,27.999999999999996
1856,CA-2014-114643,Standard Class,FM-14215,Filia McAdams,Corporate,United States,Los Angeles,California,90032,West,OFF-AR-10003631,Office Supplies,Art,Staples in misc. colors,14.52,3,0.0,4.7916,2014-06-13,6,2014,2014-06-17,4,33.0
1857,US-2017-158218,Second Class,AC-10420,Alyssa Crouse,Corporate,United States,Houston,Texas,77041,Central,OFF-ST-10000563,Office Supplies,Storage,Fellowes Bankers Box Stor/Drawer Steel Plus,127.92,5,0.2,-15.99,2017-05-12,5,2017,2017-05-15,3,-12.5
1861,US-2017-121251,First Class,GM-14440,Gary McGarr,Consumer,United States,New York City,New York,10009,East,FUR-BO-10001918,Furniture,Bookcases,"Sauder Forest Hills Library with Doors, Woodland Oak Finish",257.568,2,0.2,-28.9764,2017-03-26,3,2017,2017-03-27,1,-11.250000000000002
1863,CA-2014-151078,Same Day,RF-19840,Roy Französisch,Consumer,United States,San Antonio,Texas,78207,Central,OFF-ST-10001328,Office Supplies,Storage,"Personal Filing Tote with Lid, Black/Gray",49.632,4,0.2,4.9632,2014-11-12,11,2014,2014-11-12,0,10.0
1868,CA-2015-127110,Standard Class,CH-12070,Cathy Hwang,Home Office,United States,Philadelphia,Pennsylvania,19143,East,OFF-PA-10003309,Office Supplies,Paper,Xerox 211,31.104,6,0.2,10.8864,2015-06-25,7,2015,2015-07-01,6,35.0
1871,CA-2014-116932,Standard Class,ME-18010,Michelle Ellison,Corporate,United States,San Francisco,California,94122,West,OFF-AR-10002067,Office Supplies,Art,Newell 334,99.2,5,0.0,25.792,2014-07-21,7,2014,2014-07-25,4,26.0
1874,CA-2017-142888,Standard Class,BP-11230,Benjamin Patterson,Consumer,United States,Spokane,Washington,99207,West,FUR-TA-10004767,Furniture,Tables,Safco Drafting Table,70.98,1,0.0,20.5842,2017-11-21,11,2017,2017-11-25,4,28.999999999999996
1875,CA-2014-147914,Standard Class,MP-17470,Mark Packer,Home Office,United States,Columbus,Ohio,43229,East,OFF-PA-10001685,Office Supplies,Paper,Easy-staple paper,16.224,2,0.2,5.8812,2014-06-04,6,2014,2014-06-09,5,36.25
1876,US-2016-112977,Standard Class,CJ-12010,Caroline Jumper,Consumer,United States,Long Beach,New York,11561,East,FUR-BO-10003272,Furniture,Bookcases,O'Sullivan Living Dimensions 5-Shelf Bookcases,176.784,1,0.2,-22.098,2016-03-10,3,2016,2016-03-16,6,-12.5
1877,CA-2017-112039,Standard Class,JC-15775,John Castell,Consumer,United States,San Antonio,Texas,78207,Central,TEC-PH-10000984,Technology,Phones,Panasonic KX-TG9471B,470.376,3,0.2,47.0376,2017-03-25,3,2017,2017-03-29,4,10.0
1878,CA-2017-118885,Standard Class,JG-15160,James Galang,Consumer,United States,Los Angeles,California,90049,West,FUR-CH-10002880,Furniture,Chairs,"Global High-Back Leather Tilter, Burgundy",393.568,4,0.2,-44.2764,2017-12-29,1,2018,2018-01-02,4,-11.250000000000002
1880,US-2017-166611,Standard Class,CK-12760,Cyma Kinney,Corporate,United States,Jacksonville,Florida,32216,South,OFF-BI-10001191,Office Supplies,Binders,Canvas Sectional Post Binders,68.742,9,0.7,-48.1194,2017-03-28,4,2017,2017-04-02,5,-70.0
1881,CA-2015-109512,Same Day,LF-17185,Luke Foster,Consumer,United States,New York City,New York,10011,East,OFF-EN-10002621,Office Supplies,Envelopes,Staple envelope,29.34,3,0.0,14.67,2015-03-05,3,2015,2015-03-05,0,50.0
1885,CA-2017-154718,Second Class,DL-12865,Dan Lawera,Consumer,United States,Keller,Texas,76248,Central,OFF-LA-10003714,Office Supplies,Labels,Avery 510,6.0,2,0.2,2.1,2017-01-19,1,2017,2017-01-23,4,35.0
1889,CA-2014-142587,First Class,TB-21520,Tracy Blumstein,Consumer,United States,Fairfield,Ohio,45014,East,OFF-AP-10004708,Office Supplies,Appliances,Fellowes Superior 10 Outlet Split Surge Protector,121.792,4,0.2,13.7016,2014-10-21,10,2014,2014-10-22,1,11.249999999999998
1891,CA-2014-157623,Standard Class,DK-13225,Dean Katz,Corporate,United States,Huntington Beach,California,92646,West,OFF-PA-10001204,Office Supplies,Paper,Xerox 1972,10.56,2,0.0,4.752,2014-03-14,3,2014,2014-03-18,4,44.99999999999999
1896,CA-2015-109197,Standard Class,JO-15280,Jas O'Carroll,Consumer,United States,Missoula,Montana,59801,West,OFF-BI-10004632,Office Supplies,Binders,Ibico Hi-Tech Manual Binding System,487.984,2,0.2,152.495,2015-12-31,1,2016,2016-01-04,4,31.25
1897,CA-2017-141789,First Class,AC-10450,Amy Cox,Consumer,United States,Minneapolis,Minnesota,55407,Central,OFF-BI-10001359,Office Supplies,Binders,GBC DocuBind TL300 Electric Binding System,1793.98,2,0.0,843.1706,2017-10-03,10,2017,2017-10-06,3,47.0
1901,CA-2016-140543,Second Class,Co-12640,Corey-Lock,Consumer,United States,Florence,South Carolina,29501,South,OFF-ST-10000563,Office Supplies,Storage,Fellowes Bankers Box Stor/Drawer Steel Plus,191.88,6,0.0,19.188,2016-06-29,7,2016,2016-07-03,4,10.0
1902,CA-2016-151141,First Class,DW-13480,Dianna Wilson,Home Office,United States,Detroit,Michigan,48205,Central,TEC-PH-10004924,Technology,Phones,"SKILCRAFT Telephone Shoulder Rest, 2"" x 6.5"" x 2.5"", Black",14.78,2,0.0,3.9906,2016-08-20,8,2016,2016-08-23,3,27.0
1907,US-2016-150567,Standard Class,RP-19855,Roy Phan,Corporate,United States,Apopka,Florida,32712,South,OFF-BI-10001757,Office Supplies,Binders,Pressboard Hanging Data Binders for Unburst Sheets,2.952,2,0.7,-2.1648,2016-05-17,5,2016,2016-05-21,4,-73.33333333333334
1911,CA-2016-105963,Standard Class,SC-20770,Stewart Carmichael,Corporate,United States,Los Angeles,California,90008,West,TEC-AC-10003832,Technology,Accessories,Imation 16GB Mini TravelDrive USB 2.0 Flash Drive,99.39,3,0.0,40.7499,2016-11-15,11,2016,2016-11-22,7,41.0
1914,CA-2014-103366,First Class,EH-13990,Erica Hackney,Consumer,United States,Roswell,Georgia,30076,South,TEC-AC-10003628,Technology,Accessories,Logitech 910-002974 M325 Wireless Mouse for Web Scrolling,149.95,5,0.0,65.978,2014-01-15,1,2014,2014-01-17,2,44.0
1918,CA-2015-105634,Standard Class,HA-14905,Helen Abelman,Consumer,United States,Franklin,Massachusetts,2038,East,OFF-AR-10001573,Office Supplies,Art,American Pencil,11.65,5,0.0,3.3785,2015-11-08,11,2015,2015-11-14,6,28.999999999999996
1919,CA-2015-123673,Second Class,CH-12070,Cathy Hwang,Home Office,United States,Detroit,Michigan,48227,Central,TEC-PH-10001809,Technology,Phones,Panasonic KX T7736-B Digital phone,299.9,2,0.0,74.975,2015-10-30,11,2015,2015-11-01,2,25.0
1920,US-2017-111423,First Class,EH-13765,Edward Hooks,Corporate,United States,Watertown,New York,13601,East,OFF-BI-10003091,Office Supplies,Binders,GBC DocuBind TL200 Manual Binding Machine,895.92,5,0.2,302.373,2017-08-17,8,2017,2017-08-19,2,33.75
1923,CA-2016-156685,Second Class,SC-20230,Scot Coram,Corporate,United States,Arlington,Texas,76017,Central,TEC-PH-10004345,Technology,Phones,Cisco SPA 502G IP Phone,863.64,9,0.2,107.955,2016-07-08,7,2016,2016-07-10,2,12.5
1926,CA-2017-102834,Standard Class,LW-16990,Lindsay Williams,Corporate,United States,San Francisco,California,94110,West,TEC-AC-10001908,Technology,Accessories,Logitech Wireless Headset h800,199.98,2,0.0,69.993,2017-03-09,3,2017,2017-03-13,4,35.0
1927,US-2016-139710,Standard Class,GM-14680,Greg Matthias,Consumer,United States,Los Angeles,California,90045,West,TEC-PH-10001198,Technology,Phones,Avaya 4621SW VoIP phone,177.48,3,0.2,19.9665,2016-06-09,6,2016,2016-06-15,6,11.25
1929,US-2017-101539,Second Class,VM-21685,Valerie Mitchum,Home Office,United States,Seattle,Washington,98105,West,OFF-PA-10001972,Office Supplies,Paper,Xerox 214,6.48,1,0.0,3.1104,2017-03-16,3,2017,2017-03-18,2,47.99999999999999
1933,CA-2017-161200,Second Class,SV-20365,Seth Vernon,Consumer,United States,Lafayette,Louisiana,70506,South,FUR-BO-10000468,Furniture,Bookcases,O'Sullivan 2-Shelf Heavy-Duty Bookcases,145.74,3,0.0,23.3184,2017-08-06,8,2017,2017-08-10,4,16.0
1942,CA-2017-144064,First Class,CP-12085,Cathy Prescott,Corporate,United States,Quincy,Illinois,62301,Central,OFF-LA-10004544,Office Supplies,Labels,Avery 505,47.36,4,0.2,17.76,2017-08-29,9,2017,2017-09-01,3,37.50000000000001
1971,CA-2017-140242,Standard Class,ML-17755,Max Ludwig,Home Office,United States,Chicago,Illinois,60623,Central,OFF-AR-10004752,Office Supplies,Art,Blackstonian Pencils,6.408,3,0.2,0.6408,2017-05-06,5,2017,2017-05-11,5,10.0
1973,CA-2014-148950,Standard Class,JD-16015,Joy Daniels,Consumer,United States,Chicago,Illinois,60610,Central,OFF-BI-10001249,Office Supplies,Binders,Avery Heavy-Duty EZD View Binder with Locking Rings,5.104,4,0.8,-8.6768,2014-12-14,12,2014,2014-12-19,5,-170.0
1976,CA-2014-110408,Second Class,AS-10225,Alan Schoenberger,Corporate,United States,Montgomery,Alabama,36116,South,OFF-ST-10001522,Office Supplies,Storage,"Gould Plastics 18-Pocket Panel Bin, 34w x 5-1/4d x 20-1/2h",275.97,3,0.0,11.0388,2014-10-18,10,2014,2014-10-20,2,3.9999999999999996
1982,CA-2015-119592,Second Class,MM-18280,Muhammed MacIntyre,Corporate,United States,Columbus,Georgia,31907,South,OFF-BI-10004187,Office Supplies,Binders,3-ring staple pack,3.76,2,0.0,1.8048,2015-12-14,12,2015,2015-12-16,2,48.00000000000001
1983,CA-2014-122749,Standard Class,NG-18430,Nathan Gelder,Consumer,United States,Oklahoma City,Oklahoma,73120,Central,TEC-PH-10003811,Technology,Phones,Jabra Supreme Plus Driver Edition Headset,479.96,4,0.0,134.3888,2014-12-03,12,2014,2014-12-09,6,28.000000000000004
1984,CA-2014-164721,Second Class,LW-16825,Laurel Workman,Corporate,United States,Brentwood,California,94513,West,OFF-AP-10000240,Office Supplies,Appliances,Belkin F9G930V10-GRY 9 Outlet Surge,320.88,6,0.0,93.0552,2014-11-25,11,2014,2014-11-27,2,28.999999999999996
1992,CA-2017-111374,Standard Class,CB-12415,Christy Brittain,Consumer,United States,Philadelphia,Pennsylvania,19134,East,OFF-BI-10004970,Office Supplies,Binders,"ACCOHIDE 3-Ring Binder, Blue, 1""",4.956,4,0.7,-3.7996,2017-02-24,2,2017,2017-02-28,4,-76.66666666666666
1993,CA-2017-133648,Standard Class,ML-17755,Max Ludwig,Home Office,United States,Springfield,Oregon,97477,West,OFF-LA-10003923,Office Supplies,Labels,Alphabetical Labels for Top Tab Filing,71.04,6,0.2,26.64,2017-06-25,7,2017,2017-07-02,7,37.5
1998,CA-2014-131905,First Class,ND-18460,Neil Ducich,Corporate,United States,Chesapeake,Virginia,23320,South,OFF-LA-10002787,Office Supplies,Labels,Avery 480,15.0,4,0.0,7.2,2014-02-06,2,2014,2014-02-09,3,48.00000000000001
2001,CA-2017-166128,Standard Class,LW-17215,Luke Weiss,Consumer,United States,Pasadena,California,91104,West,TEC-AC-10001767,Technology,Accessories,SanDisk Ultra 64 GB MicroSDHC Class 10 Memory Card,199.95,5,0.0,21.9945,2017-04-11,4,2017,2017-04-18,7,11.0
2008,CA-2017-165386,First Class,CM-12190,Charlotte Melton,Consumer,United States,Chicago,Illinois,60623,Central,FUR-BO-10003034,Furniture,Bookcases,"O'Sullivan Elevations Bookcase, Cherry Finish",183.372,2,0.3,-36.6744,2017-08-03,8,2017,2017-08-04,1,-20.0
2009,CA-2014-116407,Standard Class,JF-15190,Jamie Frazer,Consumer,United States,Johnson City,Tennessee,37604,South,OFF-AR-10001315,Office Supplies,Art,Newell 310,4.224,3,0.2,0.4752,2014-11-15,11,2014,2014-11-21,6,11.25
2025,US-2017-111241,Second Class,GM-14500,Gene McClure,Consumer,United States,Fresno,California,93727,West,OFF-BI-10002867,Office Supplies,Binders,GBC Recycled Regency Composition Covers,239.12,5,0.2,77.714,2017-08-20,8,2017,2017-08-22,2,32.5
2026,CA-2015-114237,First Class,MC-17275,Marc Crier,Consumer,United States,Seattle,Washington,98103,West,FUR-BO-10004409,Furniture,Bookcases,"Safco Value Mate Series Steel Bookcases, Baked Enamel Finish on Steel, Gray",141.96,2,0.0,39.7488,2015-03-13,3,2015,2015-03-15,2,28.000000000000004
2029,CA-2015-117961,Standard Class,GP-14740,Guy Phonely,Corporate,United States,Leominster,Massachusetts,1453,East,OFF-BI-10000343,Office Supplies,Binders,"Pressboard Covers with Storage Hooks, 9 1/2"" x 11"", Light Blue",14.73,3,0.0,6.9231,2015-11-26,11,2015,2015-11-30,4,47.0
2037,CA-2015-119214,Standard Class,CW-11905,Carl Weiss,Home Office,United States,Bozeman,Montana,59715,West,OFF-PA-10002893,Office Supplies,Paper,"Wirebound Service Call Books, 5 1/2"" x 4""",29.04,3,0.0,13.9392,2015-01-23,1,2015,2015-01-27,4,48.0
2039,CA-2015-122287,Standard Class,SN-20560,Skye Norling,Home Office,United States,Peoria,Arizona,85345,West,OFF-PA-10001661,Office Supplies,Paper,Xerox 1922,11.952,3,0.2,4.3326,2015-06-18,6,2015,2015-06-23,5,36.25000000000001
2043,CA-2015-104493,Standard Class,EB-13705,Ed Braxton,Corporate,United States,San Diego,California,92105,West,OFF-BI-10004817,Office Supplies,Binders,GBC Personal VeloBind Strips,57.504,6,0.2,20.1264,2015-10-02,10,2015,2015-10-08,6,35.0
2045,CA-2014-129168,Standard Class,KB-16585,Ken Black,Corporate,United States,Houston,Texas,77095,Central,OFF-PA-10001639,Office Supplies,Paper,Xerox 203,15.552,3,0.2,5.4432,2014-08-17,8,2014,2014-08-23,6,35.0
2049,CA-2015-142237,First Class,CK-12595,Clytie Kelty,Consumer,United States,Philadelphia,Pennsylvania,19134,East,FUR-FU-10004848,Furniture,Furnishings,"Howard Miller 13-3/4"" Diameter Brushed Chrome Round Wall Clock",289.8,7,0.2,36.225,2015-07-11,7,2015,2015-07-13,2,12.5
2060,CA-2014-106439,Standard Class,GG-14650,Greg Guthrie,Corporate,United States,Los Angeles,California,90049,West,OFF-FA-10002975,Office Supplies,Fasteners,Staples,11.34,3,0.0,5.2164,2014-10-31,11,2014,2014-11-04,4,46.0
2069,CA-2015-133452,Standard Class,ZC-21910,Zuschuss Carroll,Consumer,United States,Pomona,California,91767,West,TEC-AC-10002800,Technology,Accessories,Plantronics Audio 478 Stereo USB Headset,199.96,4,0.0,69.986,2015-04-13,4,2015,2015-04-19,6,35.0
2071,CA-2016-146521,Second Class,CC-12610,Corey Catlett,Corporate,United States,Philadelphia,Pennsylvania,19134,East,OFF-BI-10000301,Office Supplies,Binders,GBC Instant Report Kit,1.941,1,0.7,-1.294,2016-07-21,7,2016,2016-07-23,2,-66.66666666666666
2074,CA-2017-122504,Second Class,DB-13270,Deborah Brumfield,Home Office,United States,Brentwood,California,94513,West,TEC-AC-10003289,Technology,Accessories,Anker Ultra-Slim Mini Bluetooth 3.0 Wireless Keyboard,59.97,3,0.0,13.7931,2017-11-07,11,2017,2017-11-12,5,23.0
2083,CA-2017-104647,Standard Class,CK-12595,Clytie Kelty,Consumer,United States,Los Angeles,California,90008,West,OFF-PA-10002870,Office Supplies,Paper,"Ampad Phone Message Book, Recycled, 400 Message Capacity, 5 ¾ x 11",37.44,6,0.0,16.848,2017-02-23,3,2017,2017-03-01,6,45.0
2085,CA-2016-140501,Standard Class,IM-15070,Irene Maddox,Consumer,United States,New York City,New York,10009,East,OFF-LA-10003510,Office Supplies,Labels,"Avery 4027 File Folder Labels for Dot Matrix Printers, 5000 Labels per Box, White",122.12,4,0.0,56.1752,2016-06-23,6,2016,2016-06-28,5,46.0
2090,CA-2015-139290,Standard Class,MY-17380,Maribeth Yedwab,Corporate,United States,Rancho Cucamonga,California,91730,West,OFF-LA-10004008,Office Supplies,Labels,Avery 507,5.76,2,0.0,2.6496,2015-10-26,10,2015,2015-10-30,4,46.0
2091,CA-2017-166142,Standard Class,MM-17260,Magdelene Morse,Consumer,United States,Wilmington,Delaware,19805,East,OFF-BI-10004094,Office Supplies,Binders,GBC Standard Plastic Binding Systems Combs,26.55,3,0.0,13.0095,2017-07-15,7,2017,2017-07-19,4,48.99999999999999
2093,CA-2014-145926,Standard Class,MP-17470,Mark Packer,Home Office,United States,Moorhead,Minnesota,56560,Central,FUR-CH-10004289,Furniture,Chairs,Global Super Steno Chair,479.9,5,0.0,81.583,2014-11-17,11,2014,2014-11-21,4,17.0
2095,US-2015-164357,Standard Class,SF-20065,Sandra Flanagan,Consumer,United States,Wilmington,North Carolina,28403,South,OFF-AR-10001177,Office Supplies,Art,Newell 349,13.12,5,0.2,1.476,2015-11-25,11,2015,2015-11-29,4,11.25
2096,US-2016-146570,Standard Class,SN-20710,Steve Nguyen,Home Office,United States,Jackson,Mississippi,39212,South,OFF-BI-10001718,Office Supplies,Binders,GBC DocuBind P50 Personal Binding Machine,511.84,8,0.0,240.5648,2016-05-15,5,2016,2016-05-20,5,47.0
2103,CA-2014-123295,Same Day,AH-10120,Adrian Hane,Home Office,United States,Tucson,Arizona,85705,West,FUR-CH-10002372,Furniture,Chairs,Office Star - Ergonomically Designed Knee Chair,259.136,4,0.2,-25.9136,2014-07-18,7,2014,2014-07-18,0,-10.0
2104,CA-2017-167101,Second Class,BM-11650,Brian Moss,Corporate,United States,New York City,New York,10009,East,OFF-PA-10000357,Office Supplies,Paper,Xerox 1888,221.92,4,0.0,106.5216,2017-03-24,3,2017,2017-03-28,4,48.00000000000001
2119,CA-2017-155460,First Class,RW-19630,Rob Williams,Corporate,United States,Seattle,Washington,98105,West,OFF-PA-10002479,Office Supplies,Paper,Xerox 4200 Series MultiUse Premium Copy Paper (20Lb. and 84 Bright),5.28,1,0.0,2.376,2017-04-13,4,2017,2017-04-15,2,44.99999999999999
2127,CA-2014-126032,Standard Class,BS-11665,Brian Stugart,Consumer,United States,Philadelphia,Pennsylvania,19143,East,TEC-AC-10000158,Technology,Accessories,Sony 64GB Class 10 Micro SDHC R40 Memory Card,86.376,3,0.2,1.0797,2014-06-23,6,2014,2014-06-28,5,1.25
2130,US-2014-114188,Second Class,RF-19345,Randy Ferguson,Corporate,United States,Dover,New Hampshire,3820,East,OFF-AP-10000124,Office Supplies,Appliances,Acco 6 Outlet Guardian Basic Surge Suppressor,33.28,4,0.0,9.3184,2014-05-20,5,2014,2014-05-22,2,28.000000000000004
2134,CA-2015-122210,Standard Class,WB-21850,William Brown,Consumer,United States,Philadelphia,Pennsylvania,19134,East,OFF-BI-10003656,Office Supplies,Binders,Fellowes PB200 Plastic Comb Binding Machine,152.991,3,0.7,-122.3928,2015-11-30,12,2015,2015-12-04,4,-80.0
2139,US-2017-157896,Same Day,CB-12415,Christy Brittain,Consumer,United States,New York City,New York,10009,East,OFF-PA-10004092,Office Supplies,Paper,Tops Green Bar Computer Printout Paper,146.82,3,0.0,73.41,2017-11-16,11,2017,2017-11-16,0,50.0
2146,US-2016-152051,Standard Class,TS-21160,Theresa Swint,Corporate,United States,York,Pennsylvania,17403,East,FUR-CH-10002965,Furniture,Chairs,"Global Leather Highback Executive Chair with Pneumatic Height Adjustment, Black",422.058,3,0.3,-18.0882,2016-06-25,6,2016,2016-06-29,4,-4.285714285714286
2161,CA-2016-141019,Same Day,LH-17155,Logan Haushalter,Consumer,United States,Cincinnati,Ohio,45231,East,FUR-FU-10002937,Furniture,Furnishings,"GE 48"" Fluorescent Tube, Cool White Energy Saver, 34 Watts, 30/Box",79.384,1,0.2,29.769,2016-05-14,5,2016,2016-05-14,0,37.5
2162,CA-2016-101938,Standard Class,DW-13480,Dianna Wilson,Home Office,United States,Oakland,California,94601,West,OFF-AR-10003696,Office Supplies,Art,Panasonic KP-350BK Electric Pencil Sharpener with Auto Stop,34.58,1,0.0,10.0282,2016-01-07,1,2016,2016-01-12,5,29.000000000000004
2163,CA-2017-166296,Standard Class,KF-16285,Karen Ferguson,Home Office,United States,Manteca,California,95336,West,OFF-PA-10004359,Office Supplies,Paper,Multicolor Computer Printout Paper,314.55,3,0.0,150.984,2017-03-13,3,2017,2017-03-19,6,48.00000000000001
2169,CA-2017-117870,Second Class,JH-15820,John Huston,Consumer,United States,Kent,Ohio,44240,East,OFF-AR-10004078,Office Supplies,Art,Newell 312,14.016,3,0.2,1.752,2017-01-27,1,2017,2017-01-30,3,12.5
2174,CA-2016-112025,Standard Class,LS-16975,Lindsay Shagiari,Home Office,United States,Houston,Texas,77070,Central,OFF-BI-10002353,Office Supplies,Binders,GBC VeloBind Cover Sets,9.264,3,0.8,-13.896,2016-07-30,8,2016,2016-08-04,5,-150.00000000000003
2176,CA-2016-125738,Standard Class,PB-18805,Patrick Bzostek,Home Office,United States,Salt Lake City,Utah,84106,West,OFF-PA-10000740,Office Supplies,Paper,Xerox 1982,45.68,2,0.0,21.0128,2016-10-15,10,2016,2016-10-21,6,46.0
2180,CA-2016-128818,Standard Class,CJ-12010,Caroline Jumper,Consumer,United States,New York City,New York,10009,East,OFF-BI-10000309,Office Supplies,Binders,"GBC Twin Loop Wire Binding Elements, 9/16"" Spine, Black",85.232,7,0.2,30.8966,2016-05-07,5,2016,2016-05-11,4,36.25
2188,CA-2017-143063,Standard Class,IL-15100,Ivan Liston,Consumer,United States,Columbus,Indiana,47201,Central,OFF-EN-10003134,Office Supplies,Envelopes,Staple envelope,70.08,6,0.0,35.04,2017-08-10,8,2017,2017-08-15,5,50.0
2198,CA-2014-163013,Standard Class,BF-11080,Bart Folk,Consumer,United States,Montgomery,Alabama,36116,South,OFF-AR-10001954,Office Supplies,Art,Newell 331,14.67,3,0.0,3.9609,2014-11-28,12,2014,2014-12-04,6,27.0
2203,CA-2015-138002,Standard Class,BT-11305,Beth Thompson,Home Office,United States,Seattle,Washington,98103,West,OFF-BI-10002160,Office Supplies,Binders,Acco Hanging Data Binders,6.096,2,0.2,2.1336,2015-09-06,9,2015,2015-09-12,6,35.0
2205,CA-2015-128860,Standard Class,SC-20725,Steven Cartwright,Consumer,United States,Lancaster,Pennsylvania,17602,East,FUR-FU-10001473,Furniture,Furnishings,"Eldon Executive Woodline II Desk Accessories, Mahogany",20.104,1,0.2,1.7591,2015-06-29,7,2015,2015-07-05,6,8.75
2207,US-2014-103905,Standard Class,AW-10930,Arthur Wiediger,Home Office,United States,Aurora,Illinois,60505,Central,OFF-BI-10001098,Office Supplies,Binders,Acco D-Ring Binder w/DublLock,29.932,7,0.8,-46.3946,2014-07-14,7,2014,2014-07-20,6,-155.0
2210,CA-2014-125556,Second Class,ML-17410,Maris LaWare,Consumer,United States,Fairfield,Connecticut,6824,East,TEC-PH-10001079,Technology,Phones,Polycom SoundPoint Pro SE-225 Corded phone,832.93,7,0.0,233.2204,2014-11-14,11,2014,2014-11-16,2,28.000000000000004
2219,CA-2017-130841,Standard Class,MH-17620,Matt Hagelstein,Corporate,United States,San Francisco,California,94110,West,OFF-BI-10000145,Office Supplies,Binders,Zipper Ring Binder Pockets,9.984,4,0.2,3.6192,2017-07-28,8,2017,2017-08-01,4,36.25000000000001
2225,CA-2017-121909,Standard Class,EA-14035,Erin Ashbrook,Corporate,United States,Philadelphia,Pennsylvania,19134,East,OFF-PA-10003790,Office Supplies,Paper,Xerox 1991,54.816,3,0.2,17.8152,2017-07-31,8,2017,2017-08-05,5,32.5
2226,CA-2016-106383,Second Class,BT-11440,Bobby Trafton,Consumer,United States,Littleton,Colorado,80122,West,FUR-BO-10002202,Furniture,Bookcases,"Atlantic Metals Mobile 2-Shelf Bookcases, Custom Colors",72.294,1,0.7,-98.8018,2016-03-19,3,2016,2016-03-21,2,-136.66666666666666
2230,CA-2014-128055,Standard Class,AA-10315,Alex Avila,Consumer,United States,San Francisco,California,94122,West,OFF-BI-10004390,Office Supplies,Binders,GBC DocuBind 200 Manual Binding Machine,673.568,2,0.2,252.588,2014-03-31,4,2014,2014-04-05,5,37.5
2238,CA-2016-122322,Standard Class,RH-19510,Rick Huthwaite,Home Office,United States,Provo,Utah,84604,West,OFF-SU-10000952,Office Supplies,Supplies,Fiskars Home & Office Scissors,44.4,5,0.0,12.432,2016-07-15,7,2016,2016-07-21,6,28.000000000000004
2239,CA-2017-166849,Standard Class,SJ-20125,Sanjit Jacobs,Home Office,United States,Chicago,Illinois,60610,Central,FUR-FU-10004597,Furniture,Furnishings,Eldon Cleatmat Chair Mats for Medium Pile Carpets,44.4,2,0.6,-52.17,2017-04-20,4,2017,2017-04-26,6,-117.5
2254,CA-2015-169201,First Class,HG-14965,Henry Goldwyn,Corporate,United States,San Francisco,California,94110,West,OFF-AP-10000696,Office Supplies,Appliances,Holmes Odor Grabber,43.26,3,0.0,14.2758,2015-09-28,10,2015,2015-10-01,3,33.0
2263,CA-2017-122994,First Class,MV-17485,Mark Van Huff,Consumer,United States,Arlington,Virginia,22204,South,FUR-BO-10004015,Furniture,Bookcases,"Bush Andora Bookcase, Maple/Graphite Gray Finish",359.97,3,0.0,79.1934,2017-02-06,2,2017,2017-02-09,3,21.999999999999996
2264,CA-2016-131065,Second Class,AA-10375,Allen Armold,Consumer,United States,Atlanta,Georgia,30318,South,TEC-AC-10004145,Technology,Accessories,Logitech diNovo Edge Keyboard,499.98,2,0.0,114.9954,2016-11-14,11,2016,2016-11-16,2,23.0
2268,CA-2017-137470,Same Day,TP-21415,Tom Prescott,Consumer,United States,Seattle,Washington,98115,West,OFF-PA-10002001,Office Supplies,Paper,Xerox 1984,12.96,2,0.0,6.3504,2017-09-17,9,2017,2017-09-17,0,48.99999999999999
2269,CA-2017-105480,Standard Class,DK-13225,Dean Katz,Corporate,United States,Rochester,New York,14609,East,OFF-PA-10002787,Office Supplies,Paper,Xerox 227,6.48,1,0.0,3.1104,2017-12-20,12,2017,2017-12-26,6,47.99999999999999
2273,CA-2015-142944,Standard Class,JL-15850,John Lucas,Consumer,United States,San Francisco,California,94122,West,FUR-FU-10000308,Furniture,Furnishings,Deflect-o Glass Clear Studded Chair Mats,435.26,7,0.0,95.7572,2015-03-06,3,2015,2015-03-11,5,22.0
2277,CA-2014-104283,Standard Class,LM-17065,Liz MacKendrick,Consumer,United States,Southaven,Mississippi,38671,South,OFF-ST-10004337,Office Supplies,Storage,"SAFCO Commercial Wire Shelving, 72h",306.2,5,0.0,0.0,2014-06-27,7,2014,2014-07-01,4,0.0
2287,CA-2017-165687,Standard Class,CS-12355,Christine Sundaresam,Consumer,United States,Salem,Virginia,24153,South,OFF-AP-10004036,Office Supplies,Appliances,Bionaire 99.97% HEPA Air Cleaner,35.04,2,0.0,12.264,2017-11-17,11,2017,2017-11-23,6,35.0
2288,US-2017-112928,Second Class,BB-10990,Barry Blumstein,Corporate,United States,Toledo,Ohio,43615,East,OFF-AP-10002287,Office Supplies,Appliances,"Eureka Sanitaire  Multi-Pro Heavy-Duty Upright, Disposable Bags",17.48,5,0.2,1.311,2017-06-01,6,2017,2017-06-05,4,7.5
2290,CA-2017-115154,First Class,RS-19420,Ricardo Sperren,Corporate,United States,Seattle,Washington,98115,West,FUR-TA-10001950,Furniture,Tables,Balt Solid Wood Round Tables,892.98,2,0.0,80.3682,2017-01-08,1,2017,2017-01-11,3,9.0
2291,CA-2015-149342,Standard Class,TS-21160,Theresa Swint,Corporate,United States,Columbus,Georgia,31907,South,TEC-PH-10001557,Technology,Phones,Pyle PMP37LED,287.97,3,0.0,77.7519,2015-04-20,4,2015,2015-04-25,5,27.0
2307,CA-2015-160794,First Class,MS-17980,Michael Stewart,Corporate,United States,Houston,Texas,77041,Central,OFF-PA-10004156,Office Supplies,Paper,Xerox 188,27.216,3,0.2,9.8658,2015-08-06,8,2015,2015-08-08,2,36.25
2320,CA-2015-117828,First Class,BD-11500,Bradley Drucker,Consumer,United States,Richmond,Virginia,23223,South,OFF-AP-10001563,Office Supplies,Appliances,Belkin Premiere Surge Master II 8-outlet surge protector,194.32,4,0.0,56.3528,2015-12-23,12,2015,2015-12-26,3,29.000000000000004
2330,US-2015-147739,Standard Class,JD-16150,Justin Deggeller,Corporate,United States,Philadelphia,Pennsylvania,19140,East,FUR-FU-10001468,Furniture,Furnishings,Tenex Antistatic Computer Chair Mats,547.136,4,0.2,-68.392,2015-12-25,12,2015,2015-12-29,4,-12.5
2333,CA-2017-169285,Standard Class,RW-19690,Robert Waldorf,Consumer,United States,Lafayette,Indiana,47905,Central,OFF-PA-10004071,Office Supplies,Paper,"Eaton Premium Continuous-Feed Paper, 25% Cotton, Letter Size, White, 1000 Shts/Box",277.4,5,0.0,133.152,2017-03-21,3,2017,2017-03-25,4,48.0
2338,CA-2014-110639,Same Day,RH-19495,Rick Hansen,Consumer,United States,New York City,New York,10009,East,OFF-PA-10003936,Office Supplies,Paper,Xerox 1994,25.92,4,0.0,12.4416,2014-08-23,8,2014,2014-08-23,0,47.99999999999999
2340,CA-2014-121727,Standard Class,JK-15625,Jim Karlsson,Consumer,United States,Columbus,Ohio,43229,East,OFF-AR-10004930,Office Supplies,Art,Turquoise Lead Holder with Pocket Clip,10.72,2,0.2,1.742,2014-08-19,8,2014,2014-08-24,5,16.249999999999996
2344,US-2014-155894,Second Class,CL-11890,Carl Ludwig,Consumer,United States,Chicago,Illinois,60623,Central,OFF-ST-10004804,Office Supplies,Storage,"Belkin 19"" Vented Equipment Shelf, Black",123.552,3,0.2,-29.3436,2014-07-26,7,2014,2014-07-30,4,-23.75
2345,CA-2016-119025,Standard Class,PV-18985,Paul Van Hugh,Home Office,United States,Milwaukee,Wisconsin,53209,Central,OFF-AP-10001205,Office Supplies,Appliances,Belkin 5 Outlet SurgeMaster Power Centers,490.32,9,0.0,137.2896,2016-02-22,2,2016,2016-02-28,6,28.000000000000004
2369,US-2016-129469,Standard Class,KL-16555,Kelly Lampkin,Corporate,United States,Fairfield,Ohio,45014,East,FUR-FU-10002298,Furniture,Furnishings,"Rubbermaid ClusterMat Chairmats, Mat Size- 66"" x 60"", Lip 20"" x 11"" -90 Degree Angle",532.704,6,0.2,-26.6352,2016-09-23,9,2016,2016-09-27,4,-5.000000000000001
2376,CA-2017-119669,Standard Class,TP-21130,Theone Pippenger,Consumer,United States,Smyrna,Georgia,30080,South,OFF-FA-10000053,Office Supplies,Fasteners,Revere Boxed Rubber Bands by Revere,5.67,3,0.0,0.1134,2017-01-24,1,2017,2017-01-30,6,2.0
2380,CA-2016-118052,Standard Class,BE-11455,Brad Eason,Home Office,United States,Lorain,Ohio,44052,East,OFF-FA-10004248,Office Supplies,Fasteners,Advantus T-Pin Paper Clips,7.216,2,0.2,1.7138,2016-05-06,5,2016,2016-05-10,4,23.75
2394,CA-2016-128111,Standard Class,CS-12355,Christine Sundaresam,Consumer,United States,Malden,Massachusetts,2148,East,OFF-AR-10000588,Office Supplies,Art,Newell 345,39.68,2,0.0,10.3168,2016-03-17,3,2016,2016-03-23,6,26.0
2395,CA-2015-137897,Standard Class,PJ-18835,Patrick Jones,Corporate,United States,New York City,New York,10035,East,TEC-AC-10002217,Technology,Accessories,Imation Clip USB flash drive - 8 GB,37.6,2,0.0,2.256,2015-11-14,11,2015,2015-11-19,5,5.999999999999999
2398,CA-2017-169264,Second Class,NP-18700,Nora Preis,Consumer,United States,San Francisco,California,94109,West,OFF-LA-10001613,Office Supplies,Labels,Avery File Folder Labels,5.76,2,0.0,2.8224,2017-08-14,8,2017,2017-08-16,2,49.00000000000001
2402,CA-2017-145877,Second Class,AS-10090,Adam Shillingsburg,Consumer,United States,Springfield,Missouri,65807,Central,OFF-ST-10000649,Office Supplies,Storage,Hanging Personal Folder File,94.2,6,0.0,23.55,2017-04-01,4,2017,2017-04-04,3,25.0
2404,US-2016-110170,Standard Class,HM-14860,Harry Marie,Corporate,United States,Huntsville,Texas,77340,Central,FUR-BO-10000780,Furniture,Bookcases,O'Sullivan Plantations 2-Door Library in Landvery Oak,956.6648,7,0.32,-225.0976,2016-09-27,10,2016,2016-10-03,6,-23.52941176470588
2410,CA-2017-155985,First Class,BE-11335,Bill Eplett,Home Office,United States,San Francisco,California,94122,West,FUR-FU-10000758,Furniture,Furnishings,DAX Natural Wood-Tone Poster Frame,211.84,8,0.0,76.2624,2017-03-23,3,2017,2017-03-25,2,36.0
2412,CA-2015-142041,Second Class,EM-13810,Eleni McCrary,Corporate,United States,Los Angeles,California,90036,West,OFF-BI-10004187,Office Supplies,Binders,3-ring staple pack,7.52,5,0.2,2.632,2015-06-07,6,2015,2015-06-09,2,35.0
2415,CA-2016-156300,Standard Class,TB-21595,Troy Blackwell,Consumer,United States,Milwaukee,Wisconsin,53209,Central,FUR-CH-10001714,Furniture,Chairs,"Global Leather & Oak Executive Chair, Burgundy",754.45,5,0.0,60.356,2016-12-29,1,2017,2017-01-02,4,8.0
2422,CA-2016-155551,Standard Class,CR-12580,Clay Rozendal,Home Office,United States,Elmhurst,Illinois,60126,Central,OFF-ST-10003656,Office Supplies,Storage,Safco Industrial Wire Shelving,230.376,3,0.2,-48.9549,2016-04-18,4,2016,2016-04-23,5,-21.25
2428,CA-2016-169922,Standard Class,MZ-17515,Mary Zewe,Corporate,United States,Arlington,Texas,76017,Central,OFF-BI-10003784,Office Supplies,Binders,Computer Printout Index Tabs,1.344,4,0.8,-2.1504,2016-06-11,6,2016,2016-06-17,6,-160.0
2431,CA-2017-100748,Standard Class,RB-19795,Ross Baird,Home Office,United States,San Francisco,California,94110,West,OFF-LA-10000240,Office Supplies,Labels,Self-Adhesive Address Labels for Typewriters by Universal,58.48,8,0.0,27.4856,2017-05-13,5,2017,2017-05-20,7,47.0
2433,CA-2014-148586,Standard Class,AZ-10750,Annie Zypern,Consumer,United States,New York City,New York,10009,East,FUR-CH-10002439,Furniture,Chairs,"Iceberg Nesting Folding Chair, 19w x 6d x 43h",366.786,7,0.1,65.2064,2014-03-25,4,2014,2014-04-01,7,17.77777777777778
2438,CA-2014-164210,Second Class,PW-19240,Pierre Wener,Consumer,United States,Louisville,Colorado,80027,West,FUR-TA-10000849,Furniture,Tables,Bevis Rectangular Conference Tables,145.98,2,0.5,-99.2664,2014-11-18,11,2014,2014-11-20,2,-68.0
2440,CA-2017-139948,Standard Class,SW-20455,Shaun Weien,Consumer,United States,Tampa,Florida,33614,South,FUR-FU-10002597,Furniture,Furnishings,"C-Line Magnetic Cubicle Keepers, Clear Polypropylene",7.904,2,0.2,2.1736,2017-07-17,7,2017,2017-07-22,5,27.500000000000004
2441,CA-2016-146934,Standard Class,AF-10870,Art Ferguson,Consumer,United States,Passaic,New Jersey,7055,East,TEC-PH-10004614,Technology,Phones,AT&T 841000 Phone,345.0,5,0.0,86.25,2016-05-22,5,2016,2016-05-27,5,25.0
2448,CA-2016-119165,Standard Class,BD-11320,Bill Donatelli,Consumer,United States,Philadelphia,Pennsylvania,19143,East,FUR-CH-10000988,Furniture,Chairs,Hon Olson Stacker Stools,492.835,5,0.3,-14.081,2016-10-31,11,2016,2016-11-06,6,-2.857142857142857
2450,CA-2016-140207,Standard Class,CS-12400,Christopher Schild,Home Office,United States,San Jose,California,95123,West,OFF-BI-10003963,Office Supplies,Binders,Cardinal Holdit Data Disk Pockets,29.12,5,0.2,9.828,2016-11-05,11,2016,2016-11-10,5,33.75
2460,CA-2017-138548,Standard Class,JG-15160,James Galang,Consumer,United States,Plainfield,New Jersey,7060,East,OFF-AP-10002578,Office Supplies,Appliances,"Fellowes Premier Superior Surge Suppressor, 10-Outlet, With Phone and Remote",97.84,2,0.0,25.4384,2017-08-15,8,2017,2017-08-21,6,26.0
2463,CA-2017-148691,Standard Class,CS-12460,Chuck Sachs,Consumer,United States,New York City,New York,10009,East,OFF-BI-10001524,Office Supplies,Binders,GBC Premium Transparent Covers with Diagonal Lined Pattern,83.92,5,0.2,29.372,2017-12-03,12,2017,2017-12-09,6,35.0
2483,CA-2017-126067,Standard Class,KN-16705,Kristina Nunn,Home Office,United States,Seattle,Washington,98105,West,TEC-PH-10000912,Technology,Phones,Anker 24W Portable Micro USB Car Charger,35.168,4,0.2,11.4296,2017-08-28,9,2017,2017-09-03,6,32.5
2492,CA-2014-113579,Second Class,KD-16345,Katherine Ducich,Consumer,United States,Los Angeles,California,90049,West,OFF-PA-10001457,Office Supplies,Paper,White GlueTop Scratch Pads,90.24,6,0.0,41.5104,2014-12-13,12,2014,2014-12-15,2,46.0
2496,CA-2014-136644,Standard Class,SC-20575,Sonia Cooley,Consumer,United States,Mishawaka,Indiana,46544,Central,FUR-CH-10000225,Furniture,Chairs,"Global Geo Office Task Chair, Gray",647.84,8,0.0,32.392,2014-06-16,6,2014,2014-06-22,6,5.0
2500,US-2017-133781,First Class,DC-12850,Dan Campbell,Consumer,United States,Miami,Florida,33178,South,OFF-EN-10004483,Office Supplies,Envelopes,"#10 White Business Envelopes,4 1/8 x 9 1/2",37.608,3,0.2,12.6927,2017-06-22,6,2017,2017-06-23,1,33.75
2505,CA-2014-143917,Second Class,KL-16645,Ken Lonsdale,Consumer,United States,San Francisco,California,94122,West,OFF-ST-10001228,Office Supplies,Storage,"Fellowes Personal Hanging Folder Files, Navy",53.72,4,0.0,15.0416,2014-07-25,7,2014,2014-07-27,2,28.000000000000004
2508,CA-2015-120397,Same Day,RB-19435,Richard Bierner,Consumer,United States,Houston,Texas,77070,Central,OFF-AP-10001293,Office Supplies,Appliances,Belkin 8 Outlet Surge Protector,32.784,4,0.8,-85.2384,2015-07-02,7,2015,2015-07-02,0,-260.0
2511,CA-2016-136812,Standard Class,AW-10930,Arthur Wiediger,Home Office,United States,Oklahoma City,Oklahoma,73120,Central,OFF-ST-10003470,Office Supplies,Storage,"Tennsco Snap-Together Open Shelving Units, Starter Sets and Add-On Units",1117.92,4,0.0,55.896,2016-11-18,11,2016,2016-11-23,5,5.0
2516,CA-2014-106572,Standard Class,NP-18700,Nora Preis,Consumer,United States,Bowling Green,Ohio,43402,East,OFF-ST-10000585,Office Supplies,Storage,Economy Rollaway Files,264.32,2,0.2,19.824,2014-09-05,9,2014,2014-09-10,5,7.500000000000001
2518,CA-2017-123134,Standard Class,DW-13585,Dorothy Wardle,Corporate,United States,Westfield,New Jersey,7090,East,FUR-FU-10003975,Furniture,Furnishings,Eldon Advantage Chair Mats for Low to Medium Pile Carpets,129.93,3,0.0,12.993,2017-05-02,5,2017,2017-05-07,5,10.0
2525,CA-2015-124541,Standard Class,TT-21220,Thomas Thornton,Consumer,United States,Houston,Texas,77041,Central,OFF-AR-10004078,Office Supplies,Art,Newell 312,42.048,9,0.2,5.256,2015-04-06,4,2015,2015-04-10,4,12.5
2530,CA-2014-108707,Standard Class,DB-12910,Daniel Byrd,Home Office,United States,Fort Lauderdale,Florida,33311,South,OFF-PA-10000788,Office Supplies,Paper,Xerox 210,10.368,2,0.2,3.6288,2014-10-24,10,2014,2014-10-29,5,35.0
2537,CA-2015-168746,Second Class,SV-20365,Seth Vernon,Consumer,United States,Cleveland,Ohio,44105,East,FUR-CH-10000513,Furniture,Chairs,High-Back Leather Manager's Chair,181.986,2,0.3,-54.5958,2015-01-27,1,2015,2015-01-29,2,-30.0
2540,CA-2015-113404,Same Day,EM-13810,Eleni McCrary,Corporate,United States,San Francisco,California,94122,West,FUR-CH-10003312,Furniture,Chairs,Hon 2090 Pillow Soft Series Mid Back Swivel/Tilt Chairs,1348.704,6,0.2,-219.1644,2015-07-16,7,2015,2015-07-16,0,-16.25
2548,US-2015-128090,Standard Class,JM-15865,John Murray,Consumer,United States,Phoenix,Arizona,85023,West,OFF-AR-10002255,Office Supplies,Art,Newell 346,2.304,1,0.2,0.2592,2015-08-16,8,2015,2015-08-22,6,11.25
2554,CA-2016-155439,Standard Class,PN-18775,Parhena Norris,Home Office,United States,Columbia,South Carolina,29203,South,OFF-PA-10000029,Office Supplies,Paper,Xerox 224,25.92,4,0.0,12.4416,2016-09-14,9,2016,2016-09-18,4,47.99999999999999
2557,US-2016-126844,Standard Class,BW-11110,Bart Watters,Corporate,United States,Houston,Texas,77070,Central,FUR-FU-10004909,Furniture,Furnishings,Contemporary Wood/Metal Frame,51.712,8,0.6,-32.32,2016-10-08,10,2016,2016-10-14,6,-62.5
2564,CA-2015-110632,Second Class,HR-14830,Harold Ryan,Corporate,United States,New York City,New York,10009,East,TEC-AC-10000387,Technology,Accessories,KeyTronic KT800P2 - Keyboard - Black,15.02,1,0.0,2.7036,2015-03-17,3,2015,2015-03-22,5,18.0
2567,CA-2017-123967,Second Class,SF-20200,Sarah Foster,Consumer,United States,Bellingham,Washington,98226,West,OFF-BI-10001308,Office Supplies,Binders,GBC Standard Plastic Binding Systems' Combs,25.12,5,0.2,7.85,2017-11-01,11,2017,2017-11-03,2,31.25
2570,CA-2017-134404,Same Day,DR-12880,Dan Reichenbach,Corporate,United States,Newark,Ohio,43055,East,TEC-PH-10000576,Technology,Phones,AT&T 1080 Corded phone,164.388,2,0.4,-35.6174,2017-12-27,12,2017,2017-12-27,0,-21.666666666666668
2575,CA-2014-129091,Standard Class,RA-19885,Ruben Ausman,Corporate,United States,Columbus,Georgia,31907,South,OFF-EN-10004955,Office Supplies,Envelopes,Fashion Color Clasp Envelopes,16.23,3,0.0,7.9527,2014-11-22,11,2014,2014-11-27,5,49.0
2579,US-2014-155502,Standard Class,SD-20485,Shirley Daniels,Home Office,United States,Alexandria,Virginia,22304,South,FUR-FU-10004587,Furniture,Furnishings,"GE General Use Halogen Bulbs, 100 Watts, 1 Bulb per Pack",62.82,3,0.0,30.7818,2014-01-26,1,2014,2014-01-31,5,49.0
2600,CA-2017-108553,Standard Class,SK-19990,Sally Knutson,Consumer,United States,New York City,New York,10024,East,OFF-AP-10000026,Office Supplies,Appliances,Tripp Lite Isotel 6 Outlet Surge Protector with Fax/Modem Protection,121.94,2,0.0,35.3626,2017-04-23,4,2017,2017-04-29,6,29.000000000000004
2606,CA-2014-112718,Standard Class,KN-16450,Kean Nguyen,Corporate,United States,Jacksonville,Florida,32216,South,OFF-BI-10000591,Office Supplies,Binders,Avery Binder Labels,1.167,1,0.7,-0.8558,2014-12-16,12,2014,2014-12-21,5,-73.33333333333333
2607,CA-2016-154053,Standard Class,MG-17890,Michael Granlund,Home Office,United States,San Diego,California,92024,West,OFF-AR-10003727,Office Supplies,Art,Berol Giant Pencil Sharpener,16.99,1,0.0,4.9271,2016-03-04,3,2016,2016-03-10,6,29.000000000000004
2615,CA-2014-147298,Standard Class,AG-10300,Aleksandra Gannaway,Corporate,United States,Los Angeles,California,90049,West,FUR-CH-10004886,Furniture,Chairs,Bevis Steel Folding Chairs,230.28,3,0.2,23.028,2014-04-26,5,2014,2014-05-03,7,10.0
2624,CA-2017-127180,First Class,TA-21385,Tom Ashbrook,Home Office,United States,New York City,New York,10024,East,TEC-CO-10004722,Technology,Copiers,Canon imageCLASS 2200 Advanced Copier,11199.968,4,0.2,3919.9888,2017-10-22,10,2017,2017-10-24,2,35.0
2635,CA-2015-116750,Second Class,BF-10975,Barbara Fisher,Corporate,United States,Fayetteville,North Carolina,28314,South,FUR-FU-10003829,Furniture,Furnishings,Stackable Trays,4.928,2,0.2,0.7392,2015-07-05,7,2015,2015-07-10,5,15.0
2637,CA-2015-162369,Standard Class,TT-21265,Tim Taslimi,Corporate,United States,Los Angeles,California,90045,West,OFF-ST-10000046,Office Supplies,Storage,Fellowes Super Stor/Drawer Files,323.1,2,0.0,61.389,2015-08-15,8,2015,2015-08-19,4,19.0
2642,CA-2015-169740,Standard Class,LM-17065,Liz MacKendrick,Consumer,United States,Hot Springs,Arkansas,71901,South,TEC-AC-10000927,Technology,Accessories,Anker Ultrathin Bluetooth Wireless Keyboard Aluminum Cover with Stand ,29.99,1,0.0,2.999,2015-02-20,2,2015,2015-02-25,5,10.0
2644,CA-2016-149111,Second Class,BF-11170,Ben Ferrer,Home Office,United States,Raleigh,North Carolina,27604,South,TEC-PH-10003092,Technology,Phones,Motorola L804,36.792,1,0.2,4.1391,2016-04-17,4,2016,2016-04-21,4,11.249999999999998
2659,CA-2016-150343,Standard Class,PK-19075,Pete Kriz,Consumer,United States,San Francisco,California,94110,West,OFF-EN-10004030,Office Supplies,Envelopes,Convenience Packs of Business Envelopes,10.86,3,0.0,5.1042,2016-08-16,8,2016,2016-08-20,4,47.0
2664,CA-2016-164784,First Class,HF-14995,Herbert Flentye,Consumer,United States,Memphis,Tennessee,38109,South,OFF-LA-10001569,Office Supplies,Labels,Avery 499,3.984,1,0.2,1.2948,2016-05-01,5,2016,2016-05-04,3,32.5
2669,US-2015-139759,Standard Class,NL-18310,Nancy Lomonaco,Home Office,United States,Los Angeles,California,90045,West,FUR-CH-10002774,Furniture,Chairs,"Global Deluxe Stacking Chair, Gray",40.784,1,0.2,4.5882,2015-08-25,8,2015,2015-08-30,5,11.249999999999998
2689,CA-2015-153220,First Class,YC-21895,Yoseph Carroll,Corporate,United States,Los Angeles,California,90032,West,OFF-PA-10003016,Office Supplies,Paper,"Adams ""While You Were Out"" Message Pads",15.7,5,0.0,7.065,2015-11-12,11,2015,2015-11-14,2,45.00000000000001
2691,CA-2017-156412,Standard Class,CM-12160,Charles McCrossin,Consumer,United States,Philadelphia,Pennsylvania,19134,East,OFF-BI-10004364,Office Supplies,Binders,Storex Dura Pro Binders,5.346,3,0.7,-4.455,2017-12-04,12,2017,2017-12-08,4,-83.33333333333334
2692,US-2016-144211,Standard Class,CS-12130,Chad Sievert,Consumer,United States,Englewood,Colorado,80112,West,OFF-PA-10002246,Office Supplies,Paper,"Wirebound Four 2-3/4 x 5 Forms per Page, 400 Sets per Book",15.48,3,0.2,5.6115,2016-08-28,9,2016,2016-09-02,5,36.25
2695,CA-2014-143182,Standard Class,DL-12865,Dan Lawera,Consumer,United States,Hialeah,Florida,33012,South,FUR-FU-10004270,Furniture,Furnishings,"Executive Impressions 13"" Clairmont Wall Clock",15.384,1,0.2,4.0383,2014-10-15,10,2014,2014-10-20,5,26.249999999999996
2697,CA-2014-145317,Standard Class,SM-20320,Sean Miller,Home Office,United States,Jacksonville,Florida,32216,South,TEC-MA-10003626,Technology,Machines,Hewlett-Packard Deskjet 6540 Color Inkjet Printer,821.3,4,0.5,-16.426,2014-03-18,3,2014,2014-03-23,5,-2.0
2704,CA-2014-143413,Standard Class,RP-19390,Resi Pölking,Consumer,United States,Baltimore,Maryland,21215,East,OFF-PA-10002319,Office Supplies,Paper,Xerox 1944,116.28,3,0.0,56.9772,2014-05-24,5,2014,2014-05-30,6,49.00000000000001
2716,CA-2014-127187,Standard Class,CP-12085,Cathy Prescott,Corporate,United States,New York City,New York,10024,East,TEC-PH-10000673,Technology,Phones,Plantronics Voyager Pro HD - Bluetooth Headset,129.98,2,0.0,62.3904,2014-12-04,12,2014,2014-12-08,4,48.00000000000001
2717,CA-2017-128475,Standard Class,SC-20680,Steve Carroll,Home Office,United States,Columbus,Georgia,31907,South,TEC-AC-10000158,Technology,Accessories,Sony 64GB Class 10 Micro SDHC R40 Memory Card,71.98,2,0.0,15.1158,2017-08-26,9,2017,2017-09-01,6,21.0
2720,CA-2014-110030,Second Class,LF-17185,Luke Foster,Consumer,United States,Houston,Texas,77095,Central,FUR-FU-10002759,Furniture,Furnishings,12-1/2 Diameter Round Wall Clock,23.976,3,0.6,-14.3856,2014-12-06,12,2014,2014-12-08,2,-60.0
2724,CA-2014-153479,Standard Class,DF-13135,David Flashing,Consumer,United States,Vallejo,California,94591,West,OFF-LA-10004689,Office Supplies,Labels,Avery 512,14.45,5,0.0,6.7915,2014-10-04,10,2014,2014-10-08,4,47.0
2730,CA-2017-104801,Standard Class,FH-14350,Fred Harton,Consumer,United States,Seattle,Washington,98105,West,OFF-AR-10001547,Office Supplies,Art,Newell 311,6.63,3,0.0,1.7901,2017-02-13,2,2017,2017-02-19,6,27.0
2733,CA-2014-107594,Standard Class,EH-13945,Eric Hoffmann,Consumer,United States,Plainfield,New Jersey,7060,East,TEC-PH-10002923,Technology,Phones,"Logitech B530 USB Headset - headset - Full size, Binaural",73.98,2,0.0,19.9746,2014-07-02,7,2014,2014-07-06,4,26.999999999999996
2735,CA-2015-129770,Second Class,JE-15715,Joe Elijah,Consumer,United States,Las Cruces,New Mexico,88001,West,OFF-PA-10000249,Office Supplies,Paper,Easy-staple paper,49.12,4,0.0,23.0864,2015-02-21,2,2015,2015-02-23,2,47.0
2742,CA-2016-165015,Second Class,BD-11725,Bruce Degenhardt,Consumer,United States,Newark,Ohio,43055,East,OFF-EN-10003134,Office Supplies,Envelopes,Staple envelope,46.72,5,0.2,17.52,2016-02-25,2,2016,2016-02-27,2,37.5
2744,CA-2015-140144,Second Class,SC-20770,Stewart Carmichael,Corporate,United States,San Francisco,California,94122,West,FUR-FU-10002253,Furniture,Furnishings,"Howard Miller 13"" Diameter Pewter Finish Round Wall Clock",257.64,6,0.0,100.4796,2015-06-20,6,2015,2015-06-25,5,39.0
2746,CA-2017-163321,Second Class,FM-14380,Fred McMath,Consumer,United States,Jacksonville,North Carolina,28540,South,TEC-AC-10004571,Technology,Accessories,Logitech G700s Rechargeable Gaming Mouse,79.992,1,0.2,21.9978,2017-08-07,8,2017,2017-08-11,4,27.500000000000004
2749,CA-2015-110247,Standard Class,RH-19555,Ritsa Hightower,Consumer,United States,Tallahassee,Florida,32303,South,OFF-BI-10001553,Office Supplies,Binders,SpineVue Locking Slant-D Ring Binders by Cardinal,8.226,3,0.7,-6.0324,2015-12-04,12,2015,2015-12-08,4,-73.33333333333333
2750,US-2014-141257,Standard Class,CS-11950,Carlos Soltero,Consumer,United States,Seattle,Washington,98115,West,FUR-CH-10002758,Furniture,Chairs,"Hon Deluxe Fabric Upholstered Stacking Chairs, Squared Back",585.552,3,0.2,73.194,2014-06-08,6,2014,2014-06-14,6,12.5
2753,CA-2015-155306,Standard Class,GA-14515,George Ashbrook,Consumer,United States,San Francisco,California,94122,West,OFF-AR-10003251,Office Supplies,Art,Prang Drawing Pencil Set,5.56,2,0.0,2.224,2015-04-17,4,2015,2015-04-21,4,40.00000000000001
2767,CA-2017-167752,First Class,RW-19690,Robert Waldorf,Consumer,United States,Philadelphia,Pennsylvania,19134,East,OFF-AP-10000159,Office Supplies,Appliances,Belkin F9M820V08 8 Outlet Surge,34.384,1,0.2,3.8682,2017-01-15,1,2017,2017-01-18,3,11.249999999999998
2769,US-2015-122140,Standard Class,MO-17950,Michael Oakman,Consumer,United States,Dallas,Texas,75220,Central,OFF-AP-10001242,Office Supplies,Appliances,APC 7 Outlet Network SurgeArrest Surge Protector,32.192,2,0.8,-80.48,2015-04-02,4,2015,2015-04-07,5,-250.0
2778,CA-2015-138534,Second Class,JM-15535,Jessica Myrick,Consumer,United States,Bakersfield,California,93309,West,FUR-BO-10003159,Furniture,Bookcases,"Sauder Camden County Collection Libraries, Planked Cherry Finish",195.466,2,0.15,-13.7976,2015-07-17,7,2015,2015-07-19,2,-7.0588235294117645
2785,CA-2016-116974,Standard Class,MP-17965,Michael Paige,Corporate,United States,Troy,Ohio,45373,East,TEC-PH-10004897,Technology,Phones,Mediabridge Sport Armband iPhone 5s,23.976,4,0.4,-15.5844,2016-10-09,10,2016,2016-10-15,6,-65.0
2794,CA-2014-154599,Standard Class,KN-16450,Kean Nguyen,Corporate,United States,Redondo Beach,California,90278,West,TEC-PH-10001557,Technology,Phones,Pyle PMP37LED,1075.088,14,0.2,94.0702,2014-04-12,4,2014,2014-04-17,5,8.75
2801,CA-2016-153318,First Class,JS-15595,Jill Stevenson,Corporate,United States,Miami,Florida,33180,South,TEC-PH-10000984,Technology,Phones,Panasonic KX-TG9471B,783.96,5,0.2,78.396,2016-10-25,10,2016,2016-10-28,3,10.0
2804,CA-2015-159380,Standard Class,CS-12505,Cindy Stewart,Consumer,United States,San Francisco,California,94122,West,OFF-PA-10003893,Office Supplies,Paper,Xerox 1962,12.84,3,0.0,5.778,2015-05-12,5,2015,2015-05-16,4,44.99999999999999
2825,US-2014-112914,Standard Class,MT-18070,Michelle Tran,Home Office,United States,Houston,Texas,77041,Central,OFF-PA-10003270,Office Supplies,Paper,Xerox 1954,33.792,8,0.2,10.56,2014-09-25,9,2014,2014-09-30,5,31.25
2834,CA-2017-134649,Second Class,CA-11965,Carol Adams,Corporate,United States,Hoover,Alabama,35244,South,OFF-AR-10001547,Office Supplies,Art,Newell 311,15.47,7,0.0,4.1769,2017-01-26,1,2017,2017-01-31,5,26.999999999999996
2844,CA-2017-112865,Standard Class,BH-11710,Brosina Hoffman,Consumer,United States,Philadelphia,Pennsylvania,19140,East,TEC-AC-10000387,Technology,Accessories,KeyTronic KT800P2 - Keyboard - Black,36.048,3,0.2,-0.9012,2017-05-18,5,2017,2017-05-22,4,-2.5
2845,US-2016-162852,Standard Class,BG-11695,Brooke Gillingham,Corporate,United States,Woodstock,Illinois,60098,Central,FUR-CH-10004853,Furniture,Chairs,"Global Manager's Adjustable Task Chair, Storm",845.488,8,0.3,-12.0784,2016-12-27,12,2016,2016-12-31,4,-1.4285714285714286
2848,CA-2017-157854,Standard Class,DM-13345,Denise Monton,Corporate,United States,Roswell,Georgia,30076,South,FUR-FU-10003832,Furniture,Furnishings,"Eldon Expressions Punched Metal & Wood Desk Accessories, Black & Cherry",56.28,6,0.0,15.7584,2017-04-08,4,2017,2017-04-15,7,27.999999999999996
2851,US-2016-128293,First Class,KC-16255,Karen Carlisle,Corporate,United States,Philadelphia,Pennsylvania,19120,East,OFF-ST-10000736,Office Supplies,Storage,Carina Double Wide Media Storage Towers in Natural & Black,64.784,1,0.2,-12.9568,2016-06-02,6,2016,2016-06-05,3,-20.0
2856,CA-2017-169810,Standard Class,RB-19360,Raymond Buch,Consumer,United States,Sioux Falls,South Dakota,57103,Central,OFF-LA-10003663,Office Supplies,Labels,Avery 498,20.23,7,0.0,9.5081,2017-07-25,7,2017,2017-07-31,6,47.0
2863,CA-2017-106537,Standard Class,RH-19495,Rick Hansen,Consumer,United States,Orlando,Florida,32839,South,OFF-PA-10000223,Office Supplies,Paper,Xerox 2000,20.736,4,0.2,7.2576,2017-08-12,8,2017,2017-08-17,5,35.0
2864,US-2017-103828,Same Day,JK-15370,Jay Kimmel,Consumer,United States,San Francisco,California,94122,West,OFF-ST-10001325,Office Supplies,Storage,Sterilite Officeware Hinged File Box,31.44,3,0.0,8.4888,2017-08-13,8,2017,2017-08-13,0,26.999999999999996
2876,US-2016-167339,Second Class,TD-20995,Tamara Dahlen,Consumer,United States,San Diego,California,92037,West,FUR-CH-10004289,Furniture,Chairs,Global Super Steno Chair,153.568,2,0.2,-5.7588,2016-01-21,1,2016,2016-01-23,2,-3.75
2878,CA-2016-152072,Standard Class,Dp-13240,Dean percer,Home Office,United States,Westfield,New Jersey,7090,East,OFF-EN-10003040,Office Supplies,Envelopes,Quality Park Security Envelopes,52.34,2,0.0,24.5998,2016-01-15,1,2016,2016-01-19,4,46.99999999999999
2883,CA-2014-165540,Standard Class,TM-21010,Tamara Manning,Consumer,United States,Woodstock,Illinois,60098,Central,OFF-BI-10004094,Office Supplies,Binders,GBC Standard Plastic Binding Systems Combs,8.85,5,0.8,-13.7175,2014-02-21,2,2014,2014-02-25,4,-155.0
2885,CA-2016-164483,Standard Class,JF-15490,Jeremy Farry,Consumer,United States,San Francisco,California,94122,West,OFF-BI-10000014,Office Supplies,Binders,Heavy-Duty E-Z-D Binders,17.456,2,0.2,5.8914,2016-01-30,2,2016,2016-02-03,4,33.75
2886,US-2016-159856,Standard Class,EP-13915,Emily Phan,Consumer,United States,Tempe,Arizona,85281,West,FUR-CH-10003396,Furniture,Chairs,Global Deluxe Steno Chair,307.92,5,0.2,-34.641,2016-10-18,10,2016,2016-10-22,4,-11.249999999999998
2890,CA-2017-164049,Standard Class,KH-16630,Ken Heidel,Corporate,United States,Seattle,Washington,98105,West,OFF-PA-10000791,Office Supplies,Paper,"Wirebound Message Books, Four 2 3/4 x 5 Forms per Page, 200 Sets per Book",23.85,5,0.0,10.7325,2017-11-02,11,2017,2017-11-06,4,44.99999999999999
2897,CA-2014-169033,Standard Class,KM-16720,Kunst Miller,Consumer,United States,Long Beach,New York,11561,East,OFF-AR-10001915,Office Supplies,Art,Peel-Off China Markers,49.65,5,0.0,20.853,2014-03-30,4,2014,2014-04-03,4,42.00000000000001
2898,US-2016-164630,Standard Class,EB-13975,Erica Bern,Corporate,United States,Charlotte,North Carolina,28205,South,TEC-CO-10000971,Technology,Copiers,Hewlett Packard 310 Color Digital Copier,959.968,4,0.2,119.996,2016-01-04,1,2016,2016-01-09,5,12.5
2900,CA-2015-166464,Standard Class,PG-18895,Paul Gonzalez,Consumer,United States,New York City,New York,10035,East,TEC-CO-10000971,Technology,Copiers,Hewlett Packard 310 Color Digital Copier,479.984,2,0.2,59.998,2015-09-12,9,2015,2015-09-17,5,12.5
2904,CA-2016-153577,Standard Class,KH-16330,Katharine Harms,Corporate,United States,Highland Park,Illinois,60035,Central,OFF-PA-10000575,Office Supplies,Paper,"Wirebound Message Books, Four 2 3/4 x 5 White Forms per Page",37.464,7,0.2,12.1758,2016-06-27,7,2016,2016-07-01,4,32.5
2919,CA-2016-160129,Same Day,LS-17200,Luke Schmidt,Corporate,United States,Philadelphia,Pennsylvania,19140,East,OFF-FA-10002763,Office Supplies,Fasteners,Advantus Map Pennant Flags and Round Head Tacks,15.8,5,0.2,2.37,2016-11-23,11,2016,2016-11-23,0,15.0
2925,CA-2014-157721,First Class,JM-16195,Justin MacKendrick,Consumer,United States,Watertown,New York,13601,East,OFF-AP-10001303,Office Supplies,Appliances,"Holmes Cool Mist Humidifier for the Whole House with 8-Gallon Output per Day, Extended Life Filter",19.9,1,0.0,8.955,2014-09-02,9,2014,2014-09-05,3,45.0
2927,CA-2017-128629,Second Class,BP-11155,Becky Pak,Consumer,United States,Columbus,Georgia,31907,South,FUR-FU-10000771,Furniture,Furnishings,"Eldon 200 Class Desk Accessories, Smoke",18.84,3,0.0,7.9128,2017-07-10,7,2017,2017-07-14,4,42.0
2931,CA-2015-168564,Same Day,TT-21220,Thomas Thornton,Consumer,United States,San Francisco,California,94109,West,OFF-BI-10004970,Office Supplies,Binders,"ACCOHIDE 3-Ring Binder, Blue, 1""",6.608,2,0.2,2.2302,2015-08-08,8,2015,2015-08-08,0,33.75
2947,CA-2017-169859,Standard Class,MP-18175,Mike Pelletier,Home Office,United States,San Diego,California,92024,West,FUR-FU-10004963,Furniture,Furnishings,"Eldon 400 Class Desk Accessories, Black Carbon",26.25,3,0.0,11.025,2017-12-14,12,2017,2017-12-18,4,42.00000000000001
2957,CA-2017-123638,Standard Class,MA-17995,Michelle Arnett,Home Office,United States,Watertown,New York,13601,East,FUR-CH-10002647,Furniture,Chairs,"Situations Contoured Folding Chairs, 4/Set",191.646,3,0.1,31.941,2017-06-27,7,2017,2017-07-04,7,16.666666666666668
2963,CA-2017-137428,Second Class,AY-10555,Andy Yotov,Corporate,United States,Oceanside,California,92054,West,FUR-CH-10002774,Furniture,Chairs,"Global Deluxe Stacking Chair, Gray",81.568,2,0.2,9.1764,2017-12-16,12,2017,2017-12-21,5,11.249999999999998
2975,CA-2015-137512,Standard Class,AG-10675,Anna Gayman,Consumer,United States,Allen,Texas,75002,Central,FUR-TA-10001095,Furniture,Tables,Chromcraft Round Conference Tables,244.006,2,0.3,-31.3722,2015-05-07,5,2015,2015-05-12,5,-12.857142857142856
2980,CA-2015-139850,Standard Class,GB-14575,Giulietta Baptist,Consumer,United States,Philadelphia,Pennsylvania,19134,East,OFF-PA-10003848,Office Supplies,Paper,Xerox 1997,20.736,4,0.2,7.2576,2015-06-12,6,2015,2015-06-17,5,35.0
2986,CA-2016-139269,Standard Class,JB-16045,Julia Barnett,Home Office,United States,Columbus,Georgia,31907,South,FUR-FU-10000755,Furniture,Furnishings,Eldon Expressions Mahogany Wood Desk Collection,24.96,4,0.0,6.24,2016-05-25,5,2016,2016-05-30,5,25.0
2989,CA-2016-139010,Second Class,MC-17635,Matthew Clasen,Corporate,United States,Los Angeles,California,90032,West,TEC-AC-10004227,Technology,Accessories,SanDisk Ultra 16 GB MicroSDHC Class 10 Memory Card,12.99,1,0.0,0.7794,2016-02-21,2,2016,2016-02-26,5,6.0
2993,CA-2016-134376,Standard Class,TT-21265,Tim Taslimi,Corporate,United States,New York City,New York,10024,East,OFF-AP-10004532,Office Supplies,Appliances,Kensington 6 Outlet Guardian Standard Surge Protector,61.44,3,0.0,16.5888,2016-10-02,10,2016,2016-10-06,4,27.0
2994,CA-2017-147291,Standard Class,MJ-17740,Max Jones,Consumer,United States,Detroit,Michigan,48227,Central,OFF-BI-10003091,Office Supplies,Binders,GBC DocuBind TL200 Manual Binding Machine,895.92,4,0.0,421.0824,2017-03-11,3,2017,2017-03-17,6,47.0
3006,CA-2014-148761,Standard Class,PA-19060,Pete Armstrong,Home Office,United States,Eau Claire,Wisconsin,54703,Central,OFF-BI-10000666,Office Supplies,Binders,Surelock Post Binders,91.68,3,0.0,45.84,2014-05-17,5,2014,2014-05-21,4,50.0
3011,CA-2017-134845,Standard Class,SR-20425,Sharelle Roach,Home Office,United States,Louisville,Colorado,80027,West,OFF-BI-10000773,Office Supplies,Binders,Insertable Tab Post Binder Dividers,12.03,5,0.7,-9.223,2017-04-17,4,2017,2017-04-23,6,-76.66666666666667
3017,US-2016-160528,Standard Class,MH-18115,Mick Hernandez,Home Office,United States,Pharr,Texas,78577,Central,OFF-ST-10002743,Office Supplies,Storage,SAFCO Boltless Steel Shelving,727.296,8,0.2,-172.7328,2016-08-23,8,2016,2016-08-30,7,-23.75
3028,CA-2014-106719,Same Day,RB-19645,Robert Barroso,Corporate,United States,Billings,Montana,59102,West,OFF-BI-10002799,Office Supplies,Binders,"SlimView Poly Binder, 3/8""",8.288,2,0.2,2.6936,2014-08-24,8,2014,2014-08-24,0,32.5
3030,US-2016-164189,Standard Class,DR-12880,Dan Reichenbach,Corporate,United States,Gresham,Oregon,97030,West,TEC-PH-10003691,Technology,Phones,BlackBerry Q10,403.168,4,0.2,25.198,2016-03-24,3,2016,2016-03-28,4,6.25
3033,US-2016-114293,Standard Class,JH-16180,Justin Hirsh,Consumer,United States,Gresham,Oregon,97030,West,FUR-CH-10003833,Furniture,Chairs,Novimex Fabric Task Chair,195.136,4,0.2,-12.196,2016-11-21,11,2016,2016-11-26,5,-6.25
3035,US-2015-123960,Standard Class,BD-11605,Brian Dahlen,Consumer,United States,Monroe,Louisiana,71203,South,TEC-AC-10003038,Technology,Accessories,Kingston Digital DataTraveler 16GB USB 2.0,53.7,6,0.0,10.203,2015-06-11,6,2015,2015-06-16,5,18.999999999999996
3051,US-2017-148054,Standard Class,NZ-18565,Nick Zandusky,Home Office,United States,Meridian,Idaho,83642,West,FUR-FU-10003247,Furniture,Furnishings,36X48 HARDFLOOR CHAIRMAT,41.96,2,0.0,2.9372,2017-10-06,10,2017,2017-10-11,5,6.999999999999999
3056,US-2015-100377,Standard Class,TS-21370,Todd Sumrall,Corporate,United States,Chicago,Illinois,60623,Central,TEC-CO-10001046,Technology,Copiers,Canon Imageclass D680 Copier / Fax,2799.96,5,0.2,874.9875,2015-08-28,9,2015,2015-09-01,4,31.25
3074,CA-2016-125206,First Class,LR-16915,Lena Radford,Consumer,United States,Los Angeles,California,90045,West,OFF-ST-10003692,Office Supplies,Storage,Recycled Steel Personal File for Hanging File Folders,114.46,2,0.0,28.615,2016-01-03,1,2016,2016-01-05,2,25.0
3076,CA-2014-143903,Standard Class,KM-16375,Katherine Murray,Home Office,United States,Dallas,Texas,75217,Central,OFF-ST-10003306,Office Supplies,Storage,Letter Size Cart,342.864,3,0.2,38.5722,2014-07-20,7,2014,2014-07-24,4,11.250000000000002
3082,US-2017-132297,Standard Class,DW-13480,Dianna Wilson,Home Office,United States,Louisville,Kentucky,40214,South,OFF-BI-10003364,Office Supplies,Binders,Binding Machine Supplies,58.34,2,0.0,28.0032,2017-05-27,6,2017,2017-06-02,6,48.0
3084,CA-2014-100328,Standard Class,JC-15340,Jasper Cacioppo,Consumer,United States,New York City,New York,10024,East,OFF-BI-10000343,Office Supplies,Binders,"Pressboard Covers with Storage Hooks, 9 1/2"" x 11"", Light Blue",3.928,1,0.2,1.3257,2014-01-28,2,2014,2014-02-03,6,33.75
3085,CA-2017-118773,Standard Class,TP-21415,Tom Prescott,Consumer,United States,Houston,Texas,77070,Central,OFF-BI-10004584,Office Supplies,Binders,GBC ProClick 150 Presentation Binding System,252.784,4,0.8,-417.0936,2017-02-09,2,2017,2017-02-14,5,-165.0
3091,CA-2016-112123,Standard Class,BH-11710,Brosina Hoffman,Consumer,United States,Newark,Delaware,19711,East,OFF-BI-10001071,Office Supplies,Binders,GBC ProClick Punch Binding System,447.86,7,0.0,219.4514,2016-03-03,3,2016,2016-03-08,5,49.0
3094,CA-2015-114468,Same Day,TD-20995,Tamara Dahlen,Consumer,United States,Bolingbrook,Illinois,60440,Central,OFF-SU-10004231,Office Supplies,Supplies,Acme Tagit Stainless Steel Antibacterial Scissors,31.68,4,0.2,2.772,2015-08-23,8,2015,2015-08-23,0,8.75
3098,CA-2017-135692,Standard Class,CV-12805,Cynthia Voltz,Corporate,United States,Fort Worth,Texas,76106,Central,OFF-LA-10001158,Office Supplies,Labels,"Avery Address/Shipping Labels for Typewriters, 4"" x 2""",33.12,4,0.2,11.592,2017-04-27,5,2017,2017-05-01,4,35.0
3149,CA-2016-120558,First Class,RD-19810,Ross DeVincentis,Home Office,United States,New York City,New York,10035,East,OFF-PA-10003441,Office Supplies,Paper,Xerox 226,32.4,5,0.0,15.552,2016-06-07,6,2016,2016-06-10,3,48.0
3172,US-2016-133879,Standard Class,KT-16465,Kean Takahito,Consumer,United States,Chicago,Illinois,60623,Central,OFF-BI-10004465,Office Supplies,Binders,Avery Durable Slant Ring Binders,3.168,2,0.8,-4.752,2016-03-21,3,2016,2016-03-28,7,-149.99999999999997
3186,CA-2014-123498,First Class,TC-20980,Tamara Chand,Corporate,United States,Houston,Texas,77041,Central,OFF-BI-10000632,Office Supplies,Binders,Satellite Sectional Post Binders,26.046,3,0.8,-44.2782,2014-11-07,11,2014,2014-11-09,2,-170.0
3188,CA-2017-159352,Standard Class,KB-16585,Ken Black,Corporate,United States,Lowell,Massachusetts,1852,East,TEC-PH-10004700,Technology,Phones,PowerGen Dual USB Car Charger,69.93,7,0.0,32.1678,2017-03-12,3,2017,2017-03-17,5,46.0
3197,CA-2017-109750,Standard Class,FH-14365,Fred Hopkins,Corporate,United States,New York City,New York,10009,East,TEC-PH-10000702,Technology,Phones,"Square Credit Card Reader, 4 1/2"" x 4 1/2"" x 1"", White",29.97,3,0.0,14.0859,2017-07-22,7,2017,2017-07-28,6,47.0
3198,CA-2015-149384,Same Day,EH-13945,Eric Hoffmann,Consumer,United States,Tempe,Arizona,85281,West,OFF-BI-10003196,Office Supplies,Binders,Accohide Poly Flexible Ring Binders,3.366,3,0.7,-2.244,2015-07-10,7,2015,2015-07-10,0,-66.66666666666667
3203,CA-2014-158372,Standard Class,RD-19900,Ruben Dartt,Consumer,United States,San Diego,California,92037,West,TEC-PH-10002103,Technology,Phones,Jabra SPEAK 410,601.536,8,0.2,60.1536,2014-11-10,11,2014,2014-11-16,6,10.0
3209,CA-2016-108882,Standard Class,LA-16780,Laura Armstrong,Corporate,United States,Fresno,California,93727,West,TEC-AC-10000420,Technology,Accessories,Logitech G500s Laser Gaming Mouse with Adjustable Weight Tuning,349.95,5,0.0,118.983,2016-01-09,1,2016,2016-01-15,6,34.0
3213,CA-2014-142314,Standard Class,SF-20200,Sarah Foster,Consumer,United States,Richmond,Indiana,47374,Central,OFF-AP-10002350,Office Supplies,Appliances,Belkin F9H710-06 7 Outlet SurgeMaster Surge Protector,207.24,11,0.0,58.0272,2014-12-23,12,2014,2014-12-28,5,27.999999999999996
3223,CA-2014-108189,First Class,ES-14080,Erin Smith,Corporate,United States,Tempe,Arizona,85281,West,OFF-PA-10001838,Office Supplies,Paper,"Adams Telephone Message Book W/Dividers/Space For Phone Numbers, 5 1/4""X8 1/2"", 300/Messages",9.408,2,0.2,3.4104,2014-10-02,10,2014,2014-10-05,3,36.25000000000001
3231,CA-2017-131625,Second Class,BN-11515,Bradley Nguyen,Consumer,United States,New York City,New York,10009,East,FUR-FU-10004960,Furniture,Furnishings,"Seth Thomas 12"" Clock w/ Goldtone Case",114.9,5,0.0,39.066,2017-09-01,9,2017,2017-09-05,4,34.0
3242,US-2016-140809,First Class,CK-12760,Cyma Kinney,Corporate,United States,Arlington,Virginia,22204,South,OFF-ST-10002214,Office Supplies,Storage,X-Rack File for Hanging Folders,56.45,5,0.0,14.677,2016-02-01,2,2016,2016-02-03,2,25.999999999999996
3253,CA-2017-110373,Second Class,MA-17560,Matt Abelman,Home Office,United States,Chicago,Illinois,60610,Central,OFF-AR-10003045,Office Supplies,Art,Prang Colored Pencils,7.056,3,0.2,2.205,2017-10-27,10,2017,2017-10-30,3,31.25
3266,US-2014-126571,Standard Class,JF-15565,Jill Fjeld,Consumer,United States,Philadelphia,Pennsylvania,19120,East,OFF-ST-10003816,Office Supplies,Storage,Fellowes High-Stak Drawer Files,281.904,2,0.2,10.5714,2014-10-11,10,2014,2014-10-15,4,3.7500000000000004
3268,CA-2014-143840,Standard Class,EH-14185,Evan Henry,Consumer,United States,Decatur,Alabama,35601,South,TEC-PH-10002660,Technology,Phones,Nortel Networks T7316 E Nt8 B27,135.98,2,0.0,33.995,2014-05-22,5,2014,2014-05-29,7,25.0
3270,CA-2014-115980,Standard Class,VW-21775,Victoria Wilson,Corporate,United States,Sioux Falls,South Dakota,57103,Central,TEC-AC-10003709,Technology,Accessories,Maxell 4.7GB DVD-R 5/Pack,2.97,3,0.0,1.3068,2014-07-15,7,2014,2014-07-19,4,43.99999999999999
3292,CA-2016-167290,Standard Class,JF-15295,Jason Fortune-,Consumer,United States,Sterling Heights,Michigan,48310,Central,OFF-AR-10004078,Office Supplies,Art,Newell 312,11.68,2,0.0,3.504,2016-10-30,11,2016,2016-11-04,5,30.0
3295,CA-2014-138023,First Class,KH-16510,Keith Herrera,Consumer,United States,Dallas,Texas,75081,Central,OFF-BI-10003638,Office Supplies,Binders,GBC Durable Plastic Covers,30.96,8,0.8,-52.632,2014-08-15,8,2014,2014-08-18,3,-170.0
3318,CA-2015-165057,Standard Class,SC-20725,Steven Cartwright,Consumer,United States,Redlands,California,92374,West,OFF-AR-10004648,Office Supplies,Art,Boston 19500 Mighty Mite Electric Pencil Sharpener,181.35,9,0.0,48.9645,2015-09-11,9,2015,2015-09-15,4,27.0
3323,CA-2015-120810,Standard Class,TH-21550,Tracy Hopkins,Home Office,United States,New York City,New York,10009,East,OFF-AP-10002892,Office Supplies,Appliances,Belkin F5C206VTEL 6 Outlet Surge,68.94,3,0.0,20.682,2015-07-23,7,2015,2015-07-27,4,30.0
3348,CA-2015-112014,Standard Class,ON-18715,Odella Nelson,Corporate,United States,Yucaipa,California,92399,West,OFF-AR-10003156,Office Supplies,Art,50 Colored Long Pencils,50.8,5,0.0,13.208,2015-08-13,8,2015,2015-08-20,7,26.0
3350,US-2016-157308,Standard Class,NM-18520,Neoma Murray,Consumer,United States,Seattle,Washington,98105,West,OFF-BI-10003712,Office Supplies,Binders,"Acco Pressboard Covers with Storage Hooks, 14 7/8"" x 11"", Light Blue",15.712,4,0.2,5.6956,2016-08-17,8,2016,2016-08-21,4,36.25
3352,US-2014-134733,Standard Class,BM-11650,Brian Moss,Corporate,United States,San Diego,California,92037,West,FUR-BO-10002916,Furniture,Bookcases,"Rush Hierlooms Collection 1"" Thick Stackable Bookcases",435.999,3,0.15,20.5176,2014-09-23,9,2014,2014-09-28,5,4.705882352941177
3354,US-2014-150434,Standard Class,CA-12310,Christine Abelman,Corporate,United States,Bristol,Connecticut,6010,East,TEC-PH-10000895,Technology,Phones,Polycom VVX 310 VoIP phone,359.98,2,0.0,93.5948,2014-07-19,7,2014,2014-07-24,5,26.0
3366,CA-2014-115161,First Class,LC-17050,Liz Carlisle,Consumer,United States,Mission Viejo,California,92691,West,FUR-BO-10003966,Furniture,Bookcases,"Sauder Facets Collection Library, Sky Alder Finish",290.666,2,0.15,3.4196,2014-01-31,2,2014,2014-02-02,2,1.1764705882352942
3367,CA-2014-165379,Standard Class,BM-11650,Brian Moss,Corporate,United States,Dallas,Texas,75217,Central,OFF-PA-10003072,Office Supplies,Paper,"Eureka Recycled Copy Paper 8 1/2"" x 11"", Ream",10.368,2,0.2,3.6288,2014-07-09,7,2014,2014-07-15,6,35.0
3371,CA-2016-134887,Same Day,TB-21280,Toby Braunhardt,Consumer,United States,Norman,Oklahoma,73071,Central,TEC-AC-10003832,Technology,Accessories,Logitech P710e Mobile Speakerphone,1287.45,5,0.0,244.6155,2016-03-25,3,2016,2016-03-25,0,19.0
3396,US-2017-148362,Standard Class,KF-16285,Karen Ferguson,Home Office,United States,Indianapolis,Indiana,46203,Central,OFF-ST-10001128,Office Supplies,Storage,"Carina Mini System Audio Rack, Model AR050B",443.92,4,0.0,13.3176,2017-07-01,7,2017,2017-07-08,7,3.0
3399,CA-2014-102274,Standard Class,DH-13075,Dave Hallsten,Corporate,United States,Richmond,Kentucky,40475,South,TEC-PH-10002923,Technology,Phones,"Logitech B530 USB Headset - headset - Full size, Binaural",36.99,1,0.0,9.9873,2014-11-21,11,2014,2014-11-26,5,26.999999999999996
3405,CA-2015-152527,Same Day,CM-12190,Charlotte Melton,Consumer,United States,Los Angeles,California,90004,West,OFF-ST-10003479,Office Supplies,Storage,"Eldon Base for stackable storage shelf, platinum",77.88,2,0.0,3.894,2015-10-17,10,2015,2015-10-17,0,5.0
3411,CA-2016-100244,Standard Class,GM-14695,Greg Maxwell,Corporate,United States,San Francisco,California,94122,West,OFF-PA-10001471,Office Supplies,Paper,Strathmore Photo Frame Cards,65.79,9,0.0,30.2634,2016-09-20,9,2016,2016-09-24,4,46.0
3436,US-2015-100531,First Class,NM-18520,Neoma Murray,Consumer,United States,Chicago,Illinois,60610,Central,OFF-BI-10001670,Office Supplies,Binders,Vinyl Sectional Post Binders,15.08,2,0.8,-22.62,2015-09-27,9,2015,2015-09-29,2,-150.0
3445,CA-2016-116344,Standard Class,JO-15145,Jack O'Briant,Corporate,United States,Philadelphia,Pennsylvania,19140,East,OFF-ST-10001713,Office Supplies,Storage,"Gould Plastics 9-Pocket Panel Bin, 18-3/8w x 5-1/4d x 20-1/2h, Black",84.784,2,0.2,-16.9568,2016-07-29,8,2016,2016-08-02,4,-20.0
3447,CA-2016-158869,First Class,AH-10690,Anna Häberlin,Corporate,United States,New York City,New York,10024,East,OFF-PA-10000474,Office Supplies,Paper,Easy-staple paper,70.88,2,0.0,33.3136,2016-08-06,8,2016,2016-08-07,1,47.0
3449,CA-2016-162614,Standard Class,TB-21250,Tim Brockman,Consumer,United States,Los Angeles,California,90049,West,OFF-BI-10004001,Office Supplies,Binders,GBC Recycled VeloBinder Covers,27.264,2,0.2,8.8608,2016-10-07,10,2016,2016-10-13,6,32.5
3453,CA-2014-157609,Second Class,KN-16705,Kristina Nunn,Home Office,United States,Raleigh,North Carolina,27604,South,TEC-PH-10002415,Technology,Phones,Polycom VoiceStation 500 Conference phone,471.92,2,0.2,29.495,2014-03-16,3,2014,2014-03-21,5,6.25
3454,CA-2015-153325,Second Class,ST-20530,Shui Tom,Consumer,United States,Macon,Georgia,31204,South,OFF-BI-10004236,Office Supplies,Binders,"XtraLife ClearVue Slant-D Ring Binder, White, 3""",58.72,4,0.0,27.0112,2015-03-01,3,2015,2015-03-02,1,46.0
3456,CA-2016-166485,Standard Class,AH-10210,Alan Hwang,Consumer,United States,Nashville,Tennessee,37211,South,OFF-PA-10004996,Office Supplies,Paper,"Speediset Carbonless Redi-Letter 7"" x 8 1/2""",16.496,2,0.2,5.5674,2016-02-20,2,2016,2016-02-27,7,33.75
3464,CA-2016-165470,Standard Class,HJ-14875,Heather Jas,Home Office,United States,Jacksonville,Florida,32216,South,OFF-PA-10004675,Office Supplies,Paper,"Telephone Message Books with Fax/Mobile Section, 5 1/2"" x 3 3/16""",5.08,1,0.2,1.651,2016-11-25,11,2016,2016-11-30,5,32.5
3469,CA-2016-146143,Standard Class,MC-17845,Michael Chen,Consumer,United States,Jackson,Mississippi,39212,South,FUR-FU-10002045,Furniture,Furnishings,"Executive Impressions 14""",133.38,6,0.0,58.6872,2016-12-14,12,2016,2016-12-19,5,44.0
3478,CA-2014-143385,Standard Class,SJ-20500,Shirley Jackson,Consumer,United States,Santa Fe,New Mexico,87505,West,TEC-AC-10001635,Technology,Accessories,KeyTronic KT400U2 - Keyboard - Black,92.52,9,0.0,18.504,2014-08-31,9,2014,2014-09-05,5,20.0
3482,CA-2014-124023,First Class,PJ-19015,Pauline Johnson,Consumer,United States,Mobile,Alabama,36608,South,FUR-FU-10004415,Furniture,Furnishings,"Stacking Tray, Side-Loading, Legal, Smoke",8.96,2,0.0,2.7776,2014-04-07,4,2014,2014-04-10,3,31.0
3487,US-2016-134761,Same Day,DB-13210,Dean Braden,Consumer,United States,Hickory,North Carolina,28601,South,TEC-PH-10002890,Technology,Phones,AT&T 17929 Lendline Telephone,36.192,1,0.2,2.7144,2016-11-30,11,2016,2016-11-30,0,7.5
3506,CA-2014-166863,Standard Class,SC-20020,Sam Craven,Consumer,United States,Plano,Texas,75023,Central,TEC-PH-10000369,Technology,Phones,HTC One Mini,201.584,2,0.2,20.1584,2014-06-20,6,2014,2014-06-24,4,10.0
3516,CA-2016-168536,Standard Class,SC-20800,Stuart Calhoun,Consumer,United States,Jackson,Mississippi,39212,South,TEC-AC-10002323,Technology,Accessories,SanDisk Ultra 32 GB MicroSDHC Class 10 Memory Card,66.3,3,0.0,8.619,2016-12-20,12,2016,2016-12-24,4,13.0
3517,US-2016-113649,First Class,HA-14920,Helen Andreada,Consumer,United States,Fayetteville,North Carolina,28314,South,OFF-PA-10000130,Office Supplies,Paper,Xerox 199,30.816,9,0.2,9.63,2016-08-09,8,2016,2016-08-12,3,31.250000000000007
3521,CA-2015-168767,Standard Class,DM-12955,Dario Medina,Corporate,United States,Sacramento,California,95823,West,OFF-BI-10000773,Office Supplies,Binders,Insertable Tab Post Binder Dividers,12.832,2,0.2,4.3308,2015-04-10,4,2015,2015-04-15,5,33.75
3529,CA-2016-130680,Standard Class,BD-11320,Bill Donatelli,Consumer,United States,San Diego,California,92024,West,TEC-PH-10004833,Technology,Phones,Macally Suction Cup Mount,38.24,4,0.2,-9.56,2016-06-24,6,2016,2016-06-29,5,-25.0
3533,CA-2014-110849,Standard Class,JL-15835,John Lee,Consumer,United States,Los Angeles,California,90049,West,TEC-MA-10002859,Technology,Machines,Ativa MDM8000 8-Sheet Micro-Cut Shredder,287.968,4,0.2,97.1892,2014-04-18,4,2014,2014-04-23,5,33.75
3551,CA-2016-152555,Second Class,ME-17320,Maria Etezadi,Home Office,United States,Chicago,Illinois,60653,Central,OFF-PA-10001295,Office Supplies,Paper,Computer Printout Paper with Letter-Trim Perforations,45.528,3,0.2,15.9348,2016-03-29,4,2016,2016-04-02,4,35.0
3555,CA-2014-120838,Second Class,PO-18865,Patrick O'Donnell,Consumer,United States,Los Angeles,California,90036,West,OFF-ST-10000585,Office Supplies,Storage,Economy Rollaway Files,330.4,2,0.0,85.904,2014-03-23,3,2014,2014-03-26,3,26.0
3565,CA-2016-130029,First Class,GT-14755,Guy Thornton,Consumer,United States,Los Angeles,California,90049,West,OFF-PA-10000552,Office Supplies,Paper,Xerox 200,12.96,2,0.0,6.2208,2016-07-03,7,2016,2016-07-06,3,47.99999999999999
3583,CA-2015-121650,Standard Class,KD-16495,Keith Dawkins,Corporate,United States,Jackson,Michigan,49201,Central,OFF-AR-10001149,Office Supplies,Art,"Avery Hi-Liter Comfort Grip Fluorescent Highlighter, Yellow Ink",3.9,2,0.0,1.521,2015-12-10,12,2015,2015-12-16,6,38.99999999999999
3612,US-2016-131674,Second Class,NC-18535,Nick Crebassa,Corporate,United States,Dallas,Texas,75217,Central,TEC-AC-10004864,Technology,Accessories,Memorex Micro Travel Drive 32 GB,58.416,2,0.2,16.7946,2016-11-29,12,2016,2016-12-01,2,28.749999999999996
3621,CA-2016-109743,Standard Class,SH-19975,Sally Hughsby,Corporate,United States,Smyrna,Tennessee,37167,South,OFF-AR-10003727,Office Supplies,Art,Berol Giant Pencil Sharpener,40.776,3,0.2,4.5873,2016-09-22,9,2016,2016-09-29,7,11.249999999999998
3632,CA-2017-132178,Second Class,DB-12970,Darren Budd,Corporate,United States,Los Angeles,California,90004,West,OFF-ST-10000464,Office Supplies,Storage,"Multi-Use Personal File Cart and Caster Set, Three Stacking Bins",69.52,2,0.0,19.4656,2017-05-03,5,2017,2017-05-08,5,27.999999999999996
3658,CA-2015-128083,Standard Class,EB-13750,Edward Becker,Corporate,United States,Plantation,Florida,33317,South,OFF-EN-10004030,Office Supplies,Envelopes,Convenience Packs of Business Envelopes,8.688,3,0.2,2.9322,2015-03-12,3,2015,2015-03-17,5,33.75
3662,CA-2016-155005,Second Class,SC-20050,Sample Company A,Home Office,United States,Jackson,Michigan,49201,Central,TEC-PH-10003484,Technology,Phones,Ooma Telo VoIP Home Phone System,377.97,3,0.0,94.4925,2016-06-13,6,2016,2016-06-15,2,25.0
3677,CA-2015-156440,Standard Class,MH-17620,Matt Hagelstein,Corporate,United States,San Diego,California,92105,West,FUR-FU-10004090,Furniture,Furnishings,"Executive Impressions 14"" Contract Wall Clock",44.46,2,0.0,14.6718,2015-12-05,12,2015,2015-12-09,4,32.99999999999999
3698,CA-2015-151680,Second Class,TC-21475,Tony Chapman,Home Office,United States,Seattle,Washington,98115,West,FUR-FU-10000305,Furniture,Furnishings,"Tenex V2T-RE Standard Weight Series Chair Mat, 45"" x 53"", Lip 25"" x 12""",141.96,2,0.0,22.7136,2015-11-19,11,2015,2015-11-21,2,15.999999999999998
3723,CA-2017-144036,Standard Class,FO-14305,Frank Olsen,Consumer,United States,Houston,Texas,77070,Central,OFF-AR-10000122,Office Supplies,Art,Newell 314,35.712,8,0.2,2.232,2017-11-22,11,2017,2017-11-26,4,6.25
3735,CA-2017-168193,Second Class,RM-19750,Roland Murray,Consumer,United States,New York City,New York,10011,East,OFF-PA-10002254,Office Supplies,Paper,Xerox 1883,26.38,1,0.0,12.1348,2017-03-06,3,2017,2017-03-11,5,46.0
3758,CA-2016-111283,Standard Class,LC-16870,Lena Cacioppo,Consumer,United States,Newark,Ohio,43055,East,OFF-AR-10001615,Office Supplies,Art,Newell 34,111.104,7,0.2,8.3328,2016-02-29,3,2016,2016-03-04,4,7.500000000000001
3765,CA-2017-125878,Standard Class,MH-18025,Michelle Huthwaite,Consumer,United States,Chicago,Illinois,60623,Central,OFF-BI-10002609,Office Supplies,Binders,Avery Hidden Tab Dividers for Binding Systems,1.788,3,0.8,-3.0396,2017-02-25,3,2017,2017-03-02,5,-170.0
3771,CA-2016-155530,Standard Class,CM-12160,Charles McCrossin,Consumer,United States,San Francisco,California,94122,West,FUR-TA-10004256,Furniture,Tables,Bretford Just In Time Height-Adjustable Multi-Task Work Tables,2003.52,6,0.2,-325.572,2016-12-17,12,2016,2016-12-21,4,-16.25
3773,CA-2014-115357,Second Class,RF-19735,Roland Fjeld,Consumer,United States,Columbia,South Carolina,29203,South,TEC-AC-10000023,Technology,Accessories,"Maxell 74 Minute CD-R Spindle, 50/Pack",62.91,3,0.0,22.6476,2014-08-06,8,2014,2014-08-11,5,36.00000000000001
3774,US-2014-102715,Second Class,JK-15370,Jay Kimmel,Consumer,United States,Miami,Florida,33180,South,OFF-FA-10001332,Office Supplies,Fasteners,"Acco Banker's Clasps, 5 3/4""-Long",6.912,3,0.2,2.3328,2014-04-11,4,2014,2014-04-13,2,33.75
3778,CA-2015-107937,Standard Class,JB-16045,Julia Barnett,Home Office,United States,Chula Vista,California,91911,West,FUR-FU-10002298,Furniture,Furnishings,"Rubbermaid ClusterMat Chairmats, Mat Size- 66"" x 60"", Lip 20"" x 11"" -90 Degree Angle",665.88,6,0.0,106.5408,2015-05-03,5,2015,2015-05-08,5,16.0
3780,CA-2017-118521,Standard Class,LF-17185,Luke Foster,Consumer,United States,New York City,New York,10035,East,OFF-PA-10003465,Office Supplies,Paper,Xerox 1912,37.94,2,0.0,18.2112,2017-02-16,2,2017,2017-02-20,4,48.00000000000001
3781,CA-2014-149643,Standard Class,RH-19510,Rick Huthwaite,Home Office,United States,Manhattan,Kansas,66502,Central,TEC-PH-10000038,Technology,Phones,Jawbone MINI JAMBOX Wireless Bluetooth Speaker,273.96,2,0.0,10.9584,2014-11-16,11,2014,2014-11-20,4,4.0
3788,CA-2016-169971,Standard Class,IL-15100,Ivan Liston,Consumer,United States,Houston,Texas,77041,Central,OFF-AR-10002804,Office Supplies,Art,Faber Castell Col-Erase Pencils,3.912,1,0.2,1.0269,2016-09-04,9,2016,2016-09-09,5,26.25
3792,CA-2015-111325,First Class,BT-11395,Bill Tyler,Corporate,United States,Altoona,Pennsylvania,16602,East,OFF-BI-10000343,Office Supplies,Binders,"Pressboard Covers with Storage Hooks, 9 1/2"" x 11"", Light Blue",4.419,3,0.7,-3.3879,2015-02-27,2,2015,2015-02-28,1,-76.66666666666667
3795,US-2014-117163,Standard Class,EJ-13720,Ed Jacobs,Consumer,United States,San Diego,California,92037,West,OFF-ST-10003692,Office Supplies,Storage,Recycled Steel Personal File for Hanging File Folders,57.23,1,0.0,14.3075,2014-01-27,2,2014,2014-02-02,6,25.0
3813,CA-2017-147753,Same Day,PK-19075,Pete Kriz,Consumer,United States,Milwaukee,Wisconsin,53209,Central,OFF-LA-10003537,Office Supplies,Labels,Avery 515,25.06,2,0.0,11.7782,2017-03-05,3,2017,2017-03-05,0,47.0
3828,CA-2017-141733,Standard Class,RW-19540,Rick Wilson,Corporate,United States,Detroit,Michigan,48234,Central,FUR-CH-10004086,Furniture,Chairs,Hon 4070 Series Pagoda Armless Upholstered Stacking Chairs,1458.65,5,0.0,423.0085,2017-05-07,5,2017,2017-05-11,4,28.999999999999996
3836,CA-2014-100363,Standard Class,JM-15655,Jim Mitchum,Corporate,United States,Glendale,Arizona,85301,West,OFF-FA-10000611,Office Supplies,Fasteners,Binder Clips by OIC,2.368,2,0.2,0.8288,2014-04-08,4,2014,2014-04-15,7,35.0
3843,CA-2014-101931,First Class,TS-21370,Todd Sumrall,Corporate,United States,Los Angeles,California,90049,West,OFF-BI-10004140,Office Supplies,Binders,Avery Non-Stick Binders,7.184,2,0.2,2.245,2014-10-28,10,2014,2014-10-31,3,31.25
3848,CA-2017-129000,Second Class,SZ-20035,Sam Zeldin,Home Office,United States,Canton,Michigan,48187,Central,OFF-ST-10001097,Office Supplies,Storage,Office Impressions Heavy Duty Welded Shelving & Multimedia Storage Drawers,501.81,3,0.0,0.0,2017-11-25,11,2017,2017-11-27,2,0.0
3854,US-2017-131849,Standard Class,GH-14410,Gary Hansen,Home Office,United States,San Francisco,California,94122,West,FUR-FU-10004164,Furniture,Furnishings,"Eldon 300 Class Desk Accessories, Black",4.95,1,0.0,2.178,2017-06-06,6,2017,2017-06-10,4,43.99999999999999
3860,CA-2017-154039,Standard Class,JK-16120,Julie Kriz,Home Office,United States,Chicago,Illinois,60653,Central,FUR-TA-10001932,Furniture,Tables,"Chromcraft 48"" x 96"" Racetrack Double Pedestal Table",480.96,3,0.5,-269.3376,2017-02-17,2,2017,2017-02-22,5,-56.00000000000001
3866,CA-2014-124709,Second Class,GW-14605,Giulietta Weimer,Consumer,United States,San Francisco,California,94122,West,TEC-AC-10002842,Technology,Accessories,WD My Passport Ultra 2TB Portable External Hard Drive,238.0,2,0.0,38.08,2014-07-27,7,2014,2014-07-29,2,16.0
3868,CA-2015-132486,Second Class,JF-15355,Jay Fein,Consumer,United States,San Diego,California,92105,West,TEC-AC-10000710,Technology,Accessories,Maxell DVD-RAM Discs,148.32,9,0.0,63.7776,2015-10-23,10,2015,2015-10-27,4,43.0
3881,CA-2015-129896,Standard Class,PF-19120,Peter Fuller,Consumer,United States,Gilbert,Arizona,85234,West,OFF-PA-10002245,Office Supplies,Paper,Xerox 1895,9.568,2,0.2,2.99,2015-06-15,6,2015,2015-06-20,5,31.250000000000007
3886,US-2017-127341,Standard Class,CK-12595,Clytie Kelty,Consumer,United States,Chicago,Illinois,60653,Central,OFF-BI-10001072,Office Supplies,Binders,"GBC Clear Cover, 8-1/2 x 11, unpunched, 25 covers per pack",12.128,4,0.8,-20.6176,2017-01-29,2,2017,2017-02-02,4,-170.0
3896,CA-2017-110212,Standard Class,SJ-20125,Sanjit Jacobs,Home Office,United States,Texarkana,Arkansas,71854,South,TEC-AC-10002331,Technology,Accessories,"Maxell 74 Minute CDR, 10/Pack",48.9,5,0.0,18.093,2017-05-01,5,2017,2017-05-05,4,37.0
3901,CA-2015-121097,Standard Class,SF-20965,Sylvia Foulston,Corporate,United States,Baytown,Texas,77520,Central,OFF-PA-10001937,Office Supplies,Paper,Xerox 21,10.368,2,0.2,3.6288,2015-01-03,1,2015,2015-01-08,5,35.0
3912,CA-2017-126788,First Class,AB-10105,Adrian Barton,Consumer,United States,Pearland,Texas,77581,Central,TEC-PH-10001619,Technology,Phones,LG G3,470.376,3,0.2,52.9173,2017-06-05,6,2017,2017-06-06,1,11.25
3915,US-2017-142573,Standard Class,ML-17410,Maris LaWare,Consumer,United States,Phoenix,Arizona,85023,West,FUR-TA-10001932,Furniture,Tables,"Chromcraft 48"" x 96"" Racetrack Double Pedestal Table",801.6,5,0.5,-448.896,2017-07-18,7,2017,2017-07-23,5,-56.00000000000001
3922,CA-2016-110044,Second Class,RF-19735,Roland Fjeld,Consumer,United States,Chicago,Illinois,60610,Central,TEC-PH-10001299,Technology,Phones,Polycom CX300 Desktop Phone USB VoIP phone,359.976,3,0.2,35.9976,2016-06-28,7,2016,2016-07-02,4,10.0
3969,US-2015-163685,Standard Class,KE-16420,Katrina Edelman,Corporate,United States,San Antonio,Texas,78207,Central,OFF-BI-10001890,Office Supplies,Binders,Avery Poly Binder Pockets,5.728,8,0.8,-9.1648,2015-06-01,6,2015,2015-06-05,4,-160.0
3972,CA-2015-132374,Second Class,PS-19045,Penelope Sewall,Home Office,United States,Sterling Heights,Michigan,48310,Central,OFF-AR-10001615,Office Supplies,Art,Newell 34,79.36,4,0.0,20.6336,2015-02-22,2,2015,2015-02-24,2,26.0
3982,CA-2017-119564,Standard Class,PL-18925,Paul Lucas,Home Office,United States,Seattle,Washington,98115,West,FUR-FU-10003096,Furniture,Furnishings,"Master Giant Foot Doorstop, Safety Yellow",22.77,3,0.0,9.7911,2017-12-15,12,2017,2017-12-20,5,43.0
3991,CA-2014-137589,Standard Class,MS-17770,Maxwell Schwartz,Consumer,United States,Lancaster,Pennsylvania,17602,East,OFF-SU-10000157,Office Supplies,Supplies,Compact Automatic Electric Letter Opener,286.344,3,0.2,-64.4274,2014-11-03,11,2014,2014-11-08,5,-22.500000000000004
3995,CA-2015-105627,Standard Class,DK-12895,Dana Kaydos,Consumer,United States,Kenosha,Wisconsin,53142,Central,FUR-BO-10002916,Furniture,Bookcases,"Rush Hierlooms Collection 1"" Thick Stackable Bookcases",512.94,3,0.0,97.4586,2015-03-08,3,2015,2015-03-12,4,18.999999999999996
4013,CA-2015-153612,Standard Class,BT-11305,Beth Thompson,Home Office,United States,Superior,Wisconsin,54880,Central,OFF-AR-10000203,Office Supplies,Art,Newell 336,17.12,4,0.0,4.9648,2015-12-22,12,2015,2015-12-27,5,28.999999999999996
4026,CA-2017-139311,First Class,SF-20965,Sylvia Foulston,Corporate,United States,Bedford,Texas,76021,Central,OFF-PA-10001776,Office Supplies,Paper,"Wirebound Message Books, Four 2 3/4"" x 5"" Forms per Page, 600 Sets per Book",29.664,4,0.2,10.0116,2017-08-11,8,2017,2017-08-13,2,33.75
4035,US-2016-108777,Same Day,JM-15655,Jim Mitchum,Corporate,United States,Lorain,Ohio,44052,East,OFF-BI-10003982,Office Supplies,Binders,Wilson Jones Century Plastic Molded Ring Binders,18.693,3,0.7,-14.3313,2016-12-12,12,2016,2016-12-12,0,-76.66666666666666
4075,CA-2017-108112,Standard Class,DK-12895,Dana Kaydos,Consumer,United States,Miramar,Florida,33023,South,FUR-FU-10003553,Furniture,Furnishings,"Howard Miller 13-1/2"" Diameter Rosebrook Wall Clock",220.064,4,0.2,55.016,2017-11-15,11,2017,2017-11-20,5,25.0
4093,CA-2017-166576,First Class,JM-15865,John Murray,Consumer,United States,Akron,Ohio,44312,East,OFF-ST-10002574,Office Supplies,Storage,"SAFCO Commercial Wire Shelving, Black",221.024,2,0.2,-55.256,2017-05-16,5,2017,2017-05-18,2,-25.0
4114,CA-2015-116687,Standard Class,NC-18625,Noah Childs,Corporate,United States,Houston,Texas,77095,Central,OFF-LA-10000443,Office Supplies,Labels,Avery 501,8.856,3,0.2,2.9889,2015-05-02,5,2015,2015-05-07,5,33.75
4122,CA-2017-133823,Same Day,LP-17080,Liz Pelletier,Consumer,United States,Seattle,Washington,98103,West,OFF-PA-10002870,Office Supplies,Paper,"Ampad Phone Message Book, Recycled, 400 Message Capacity, 5 ¾ x 11",37.44,6,0.0,16.848,2017-05-11,5,2017,2017-05-12,1,45.0
4126,CA-2017-123239,Second Class,MG-18145,Mike Gockenbach,Consumer,United States,Jacksonville,Florida,32216,South,FUR-FU-10001602,Furniture,Furnishings,"Eldon Delta Triangular Chair Mat, 52"" x 58"", Clear",91.032,3,0.2,-2.2758,2017-07-27,7,2017,2017-07-31,4,-2.5
4139,CA-2016-117226,First Class,KD-16495,Keith Dawkins,Corporate,United States,Deer Park,Texas,77536,Central,OFF-BI-10004654,Office Supplies,Binders,Avery Binding System Hidden Tab Executive Style Index Sets,6.924,6,0.8,-10.386,2016-12-30,1,2017,2017-01-01,2,-149.99999999999997
4143,US-2014-107699,Standard Class,JH-15820,John Huston,Consumer,United States,Midland,Michigan,48640,Central,OFF-BI-10001249,Office Supplies,Binders,Avery Heavy-Duty EZD View Binder with Locking Rings,57.42,9,0.0,26.4132,2014-05-19,5,2014,2014-05-23,4,46.0
4160,US-2016-164588,Standard Class,AP-10915,Arthur Prichep,Consumer,United States,Columbus,Georgia,31907,South,OFF-AR-10003056,Office Supplies,Art,Newell 341,12.84,3,0.0,3.7236,2016-04-16,4,2016,2016-04-23,7,28.999999999999996
4163,CA-2015-163587,Standard Class,EP-13915,Emily Phan,Consumer,United States,Dover,New Hampshire,3820,East,OFF-LA-10004484,Office Supplies,Labels,Avery 476,16.52,4,0.0,7.5992,2015-03-14,3,2015,2015-03-18,4,46.0
4173,CA-2016-152163,Same Day,JF-15355,Jay Fein,Consumer,United States,Columbia,South Carolina,29203,South,OFF-BI-10002215,Office Supplies,Binders,"Wilson Jones Hanging View Binder, White, 1""",14.2,2,0.0,6.532,2016-07-01,7,2016,2016-07-01,0,46.0
4179,CA-2016-148593,Second Class,BD-11320,Bill Donatelli,Consumer,United States,Los Angeles,California,90045,West,OFF-PA-10001776,Office Supplies,Paper,"Wirebound Message Books, Four 2 3/4"" x 5"" Forms per Page, 600 Sets per Book",46.35,5,0.0,21.7845,2016-06-16,6,2016,2016-06-18,2,47.0
4192,CA-2015-129392,Same Day,DM-13015,Darrin Martin,Consumer,United States,Houston,Texas,77070,Central,OFF-PA-10004248,Office Supplies,Paper,Xerox 1990,21.12,5,0.2,6.6,2015-07-08,7,2015,2015-07-08,0,31.249999999999993
4212,CA-2014-166457,Second Class,PF-19120,Peter Fuller,Consumer,United States,Richmond,Kentucky,40475,South,OFF-PA-10003016,Office Supplies,Paper,"Adams ""While You Were Out"" Message Pads",9.42,3,0.0,4.239,2014-05-05,5,2014,2014-05-09,4,45.0
4216,CA-2014-103590,Standard Class,JL-15505,Jeremy Lonsdale,Consumer,United States,Mount Vernon,New York,10550,East,OFF-EN-10004007,Office Supplies,Envelopes,Park Ridge Embossed Executive Business Envelopes,62.28,4,0.0,29.2716,2014-11-30,12,2014,2014-12-04,4,47.0
4217,CA-2015-111234,Standard Class,AB-10600,Ann Blume,Corporate,United States,Los Angeles,California,90004,West,OFF-LA-10002271,Office Supplies,Labels,Smead Alpha-Z Color-Coded Second Alphabetical Labels and Starter Set,9.24,3,0.0,4.4352,2015-02-18,2,2015,2015-02-22,4,48.0
4225,CA-2016-108644,First Class,SJ-20215,Sarah Jordon,Consumer,United States,Quincy,Illinois,62301,Central,OFF-BI-10000343,Office Supplies,Binders,"Pressboard Covers with Storage Hooks, 9 1/2"" x 11"", Light Blue",1.964,2,0.8,-3.2406,2016-09-30,10,2016,2016-10-03,3,-165.0
4228,CA-2015-154970,Standard Class,SR-20740,Steven Roelle,Home Office,United States,Seattle,Washington,98103,West,FUR-CH-10003396,Furniture,Chairs,Global Deluxe Steno Chair,61.584,1,0.2,-6.9282,2015-01-05,1,2015,2015-01-10,5,-11.25
4230,CA-2017-100223,Standard Class,LS-16945,Linda Southworth,Corporate,United States,Dallas,Texas,75220,Central,FUR-FU-10003601,Furniture,Furnishings,"Deflect-o RollaMat Studded, Beveled Mat for Medium Pile Carpeting",332.028,9,0.6,-348.6294,2017-07-05,7,2017,2017-07-10,5,-104.99999999999999
4243,CA-2016-159142,First Class,ME-17320,Maria Etezadi,Home Office,United States,Springfield,Virginia,22153,South,TEC-PH-10001448,Technology,Phones,Anker Astro 15000mAh USB Portable Charger,149.97,3,0.0,5.9988,2016-04-04,4,2016,2016-04-05,1,4.0
4245,CA-2014-138436,Standard Class,JD-15895,Jonathan Doherty,Corporate,United States,Los Angeles,California,90036,West,TEC-AC-10002323,Technology,Accessories,SanDisk Ultra 32 GB MicroSDHC Class 10 Memory Card,66.3,3,0.0,8.619,2014-03-26,3,2014,2014-03-30,4,13.0
4260,CA-2017-118367,Second Class,LO-17170,Lori Olson,Corporate,United States,New York City,New York,10035,East,OFF-EN-10004386,Office Supplies,Envelopes,"Recycled Interoffice Envelopes with String and Button Closure, 10 x 13",47.98,2,0.0,23.99,2017-10-28,11,2017,2017-11-02,5,50.0
4289,US-2015-117184,Standard Class,ON-18715,Odella Nelson,Corporate,United States,Houston,Texas,77095,Central,OFF-BI-10002082,Office Supplies,Binders,GBC Twin Loop Wire Binding Elements,33.28,5,0.8,-49.92,2015-05-17,5,2015,2015-05-21,4,-150.0
4298,CA-2017-129021,Second Class,PO-18850,Patrick O'Brill,Consumer,United States,Tallahassee,Florida,32303,South,TEC-PH-10001459,Technology,Phones,Samsung Galaxy Mega 6.3,4367.896,13,0.2,327.5922,2017-08-23,8,2017,2017-08-26,3,7.5
4303,CA-2014-123253,Second Class,DE-13255,Deanra Eno,Home Office,United States,Lakewood,Ohio,44107,East,OFF-AR-10002804,Office Supplies,Art,Faber Castell Col-Erase Pencils,3.912,1,0.2,1.0269,2014-08-22,8,2014,2014-08-25,3,26.25
4304,CA-2016-121601,Same Day,MO-17500,Mary O'Rourke,Consumer,United States,The Colony,Texas,75056,Central,OFF-EN-10003862,Office Supplies,Envelopes,Laser & Ink Jet Business Envelopes,59.752,7,0.2,19.4194,2016-10-04,10,2016,2016-10-04,0,32.49999999999999
4305,CA-2014-162278,Second Class,AH-10585,Angele Hood,Consumer,United States,Seattle,Washington,98105,West,FUR-FU-10000448,Furniture,Furnishings,Tenex Chairmats For Use With Carpeted Floors,63.92,4,0.0,3.196,2014-10-26,10,2014,2014-10-30,4,5.0
4322,US-2015-147662,Standard Class,KB-16315,Karl Braun,Consumer,United States,Akron,Ohio,44312,East,OFF-BI-10001658,Office Supplies,Binders,GBC Standard Therm-A-Bind Covers,14.952,2,0.7,-11.9616,2015-02-14,2,2015,2015-02-19,5,-80.0
4327,CA-2016-153346,First Class,TB-21355,Todd Boyes,Corporate,United States,Plainfield,New Jersey,7060,East,OFF-AR-10000315,Office Supplies,Art,"Dixon Ticonderoga Maple Cedar Pencil, #2",9.21,3,0.0,2.3025,2016-01-25,1,2016,2016-01-27,2,25.0
4363,CA-2017-111332,Second Class,NC-18340,Nat Carroll,Consumer,United States,Fargo,North Dakota,58103,Central,OFF-AR-10001953,Office Supplies,Art,Boston 1645 Deluxe Heavier-Duty Electric Pencil Sharpener,131.94,3,0.0,35.6238,2017-05-20,5,2017,2017-05-22,2,27.0
4381,CA-2015-152891,Standard Class,TB-21625,Trudy Brown,Consumer,United States,San Francisco,California,94110,West,OFF-AR-10004648,Office Supplies,Art,Boston 19500 Mighty Mite Electric Pencil Sharpener,60.45,3,0.0,16.3215,2015-10-25,10,2015,2015-10-30,5,27.0
4398,US-2014-138758,Standard Class,JL-15835,John Lee,Consumer,United States,Philadelphia,Pennsylvania,19120,East,FUR-CH-10002880,Furniture,Chairs,"Global High-Back Leather Tilter, Burgundy",172.186,2,0.3,-46.7362,2014-07-07,7,2014,2014-07-11,4,-27.142857142857142
4415,CA-2017-132339,Standard Class,JB-15400,Jennifer Braxton,Corporate,United States,Lawrence,Massachusetts,1841,East,OFF-BI-10003925,Office Supplies,Binders,Fellowes PB300 Plastic Comb Binding Machine,387.99,1,0.0,182.3553,2017-08-19,8,2017,2017-08-23,4,47.0
4421,CA-2015-163090,Second Class,GH-14665,Greg Hansen,Consumer,United States,Chicago,Illinois,60610,Central,OFF-SU-10002537,Office Supplies,Supplies,Acme Box Cutter Scissors,40.92,5,0.2,3.069,2015-11-17,11,2015,2015-11-21,4,7.5
4436,CA-2016-163398,Standard Class,CB-12415,Christy Brittain,Consumer,United States,Chicago,Illinois,60653,Central,OFF-BI-10000014,Office Supplies,Binders,Heavy-Duty E-Z-D Binders,2.182,1,0.8,-3.6003,2016-05-03,5,2016,2016-05-08,5,-165.0
4449,CA-2015-121965,Standard Class,LH-17155,Logan Haushalter,Consumer,United States,Los Angeles,California,90032,West,FUR-FU-10000732,Furniture,Furnishings,Eldon 200 Class Desk Accessories,12.56,2,0.0,4.0192,2015-06-19,6,2015,2015-06-23,4,31.999999999999996
4452,CA-2016-147137,First Class,AA-10645,Anna Andreadi,Consumer,United States,San Francisco,California,94109,West,FUR-FU-10000221,Furniture,Furnishings,"Master Caster Door Stop, Brown",25.4,5,0.0,8.636,2016-07-04,7,2016,2016-07-06,2,34.0
4466,CA-2015-163895,Standard Class,NS-18640,Noel Staavos,Corporate,United States,Boise,Idaho,83704,West,OFF-BI-10004970,Office Supplies,Binders,"ACCOHIDE 3-Ring Binder, Blue, 1""",3.304,1,0.2,1.1151,2015-08-07,8,2015,2015-08-11,4,33.75
4480,CA-2014-147235,Standard Class,CD-11920,Carlos Daly,Consumer,United States,New York City,New York,10024,East,OFF-PA-10004948,Office Supplies,Paper,Xerox 190,24.9,5,0.0,11.703,2014-03-24,3,2014,2014-03-28,4,47.0
4496,CA-2017-112753,Standard Class,CC-12670,Craig Carreira,Consumer,United States,Los Angeles,California,90032,West,FUR-BO-10004015,Furniture,Bookcases,"Bush Andora Bookcase, Maple/Graphite Gray Finish",917.9235,9,0.15,75.5937,2017-06-18,6,2017,2017-06-23,5,8.235294117647058
4510,CA-2017-167003,Standard Class,VS-21820,Vivek Sundaresam,Consumer,United States,Los Angeles,California,90036,West,FUR-TA-10001520,Furniture,Tables,"Lesro Sheffield Collection Coffee Table, End Table, Center Table, Corner Table",171.288,3,0.2,-6.4233,2017-05-23,5,2017,2017-05-29,6,-3.75
4521,CA-2014-109491,Standard Class,LC-16930,Linda Cazamias,Corporate,United States,Richmond,Indiana,47374,Central,TEC-AC-10001284,Technology,Accessories,Enermax Briskie RF Wireless Keyboard and Mouse Combo,62.31,3,0.0,22.4316,2014-02-20,2,2014,2014-02-26,6,36.0
4524,CA-2014-107454,Standard Class,RD-19720,Roger Demir,Consumer,United States,New York City,New York,10024,East,OFF-LA-10001569,Office Supplies,Labels,Avery 499,34.86,7,0.0,16.0356,2014-11-02,11,2014,2014-11-06,4,46.0
4533,CA-2014-140403,Same Day,TN-21040,Tanja Norvell,Home Office,United States,Manteca,California,95336,West,FUR-CH-10002774,Furniture,Chairs,"Global Deluxe Stacking Chair, Gray",122.352,3,0.2,13.7646,2014-10-10,10,2014,2014-10-10,0,11.249999999999998
4543,CA-2017-113474,First Class,TM-21490,Tony Molinari,Consumer,United States,Oklahoma City,Oklahoma,73120,Central,OFF-EN-10004206,Office Supplies,Envelopes,Multimedia Mailers,325.86,2,0.0,149.8956,2017-03-30,3,2017,2017-03-31,1,46.0
4544,CA-2015-126557,Second Class,RL-19615,Rob Lucas,Consumer,United States,Chicago,Illinois,60610,Central,FUR-CH-10004477,Furniture,Chairs,"Global Push Button Manager's Chair, Indigo",383.607,9,0.3,-5.4801,2015-07-12,7,2015,2015-07-17,5,-1.4285714285714286
4552,US-2014-165862,Standard Class,GK-14620,Grace Kelly,Corporate,United States,Los Angeles,California,90049,West,FUR-TA-10002855,Furniture,Tables,Bevis Round Conference Table Top & Single Column Base,351.216,3,0.2,4.3902,2014-07-13,7,2014,2014-07-17,4,1.25
4564,CA-2017-129490,Standard Class,SJ-20125,Sanjit Jacobs,Home Office,United States,Miramar,Florida,33023,South,FUR-CH-10003298,Furniture,Chairs,"Office Star - Contemporary Task Swivel chair with Loop Arms, Charcoal",419.136,4,0.2,-57.6312,2017-09-26,9,2017,2017-09-30,4,-13.749999999999998
4570,CA-2014-169460,Second Class,NF-18595,Nicole Fjeld,Home Office,United States,San Jose,California,95123,West,FUR-FU-10004017,Furniture,Furnishings,"Executive Impressions 13"" Chairman Wall Clock",76.14,3,0.0,26.649,2014-04-19,4,2014,2014-04-21,2,35.0
4579,CA-2015-110947,Standard Class,AG-10765,Anthony Garverick,Home Office,United States,Hampton,Virginia,23666,South,OFF-BI-10001670,Office Supplies,Binders,Vinyl Sectional Post Binders,113.1,3,0.0,56.55,2015-06-09,6,2015,2015-06-15,6,50.0
4603,US-2015-113327,Second Class,BF-11170,Ben Ferrer,Home Office,United States,Jacksonville,North Carolina,28540,South,OFF-PA-10003790,Office Supplies,Paper,Xerox 1991,18.272,1,0.2,5.9384,2015-05-26,5,2015,2015-05-29,3,32.5
4612,CA-2016-109407,Second Class,HG-14965,Henry Goldwyn,Corporate,United States,Gulfport,Mississippi,39503,South,OFF-BI-10000285,Office Supplies,Binders,XtraLife ClearVue Slant-D Ring Binders by Cardinal,31.36,4,0.0,15.68,2016-01-24,1,2016,2016-01-26,2,50.0
4644,CA-2015-147501,Standard Class,Co-12640,Corey-Lock,Consumer,United States,Seattle,Washington,98105,West,OFF-BI-10002003,Office Supplies,Binders,Ibico Presentation Index for Binding Systems,6.368,2,0.2,2.1492,2015-08-02,8,2015,2015-08-06,4,33.75
4647,CA-2014-146885,Standard Class,EB-13840,Ellis Ballard,Corporate,United States,Richmond,Virginia,23223,South,OFF-PA-10001622,Office Supplies,Paper,"Ampad Poly Cover Wirebound Steno Book, 6"" x 9"" Assorted Colors, Gregg Ruled",13.62,3,0.0,6.129,2014-05-30,6,2014,2014-06-05,6,45.0
4648,CA-2016-139556,Standard Class,DB-13360,Dennis Bolton,Home Office,United States,New York City,New York,10009,East,FUR-CH-10004983,Furniture,Chairs,Office Star - Mid Back Dual function Ergonomic High Back Chair with 2-Way Adjustable Arms,434.646,3,0.1,62.7822,2016-04-26,5,2016,2016-05-01,5,14.444444444444446
4667,CA-2016-116547,Standard Class,KB-16585,Ken Black,Corporate,United States,Seattle,Washington,98115,West,FUR-FU-10000076,Furniture,Furnishings,24-Hour Round Wall Clock,79.92,4,0.0,34.3656,2016-01-10,1,2016,2016-01-17,7,43.0
4672,CA-2016-133550,Standard Class,KL-16645,Ken Lonsdale,Consumer,United States,Detroit,Michigan,48205,Central,OFF-AP-10001005,Office Supplies,Appliances,Honeywell Quietcare HEPA Air Cleaner,283.14,4,0.1,72.358,2016-07-31,8,2016,2016-08-06,6,25.55555555555556
4676,CA-2017-139416,Second Class,AG-10270,Alejandro Grove,Consumer,United States,Philadelphia,Pennsylvania,19120,East,FUR-FU-10003832,Furniture,Furnishings,"Eldon Expressions Punched Metal & Wood Desk Accessories, Black & Cherry",15.008,2,0.2,1.5008,2017-03-27,3,2017,2017-03-29,2,10.0
4695,US-2015-138121,Same Day,JL-15835,John Lee,Consumer,United States,Detroit,Michigan,48205,Central,OFF-BI-10000320,Office Supplies,Binders,GBC Plastic Binding Combs,29.52,4,0.0,14.4648,2015-12-17,12,2015,2015-12-17,0,49.0
4719,CA-2015-109736,First Class,DJ-13420,Denny Joy,Corporate,United States,San Francisco,California,94109,West,OFF-PA-10004101,Office Supplies,Paper,Xerox 1894,45.36,7,0.0,21.7728,2015-10-10,10,2015,2015-10-11,1,48.0
4766,CA-2015-118227,Standard Class,DB-13270,Deborah Brumfield,Home Office,United States,New York City,New York,10009,East,OFF-AR-10001044,Office Supplies,Art,"BOSTON Ranger #55 Pencil Sharpener, Black",25.99,1,0.0,7.5371,2015-04-24,4,2015,2015-04-28,4,28.999999999999996
4767,CA-2015-123155,First Class,NS-18640,Noel Staavos,Corporate,United States,San Antonio,Texas,78207,Central,TEC-AC-10002473,Technology,Accessories,Maxell 4.7GB DVD-R,113.52,5,0.2,29.799,2015-03-09,3,2015,2015-03-12,3,26.25
4780,CA-2014-150301,First Class,MH-18025,Michelle Huthwaite,Consumer,United States,Buffalo,New York,14215,East,FUR-CH-10002647,Furniture,Chairs,"Situations Contoured Folding Chairs, 4/Set",63.882,1,0.1,10.647,2014-07-08,7,2014,2014-07-10,2,16.666666666666668
4804,CA-2017-136364,Second Class,MH-17455,Mark Hamilton,Consumer,United States,Philadelphia,Pennsylvania,19140,East,TEC-PH-10003885,Technology,Phones,Cisco SPA508G,39.594,1,0.4,-7.2589,2017-07-13,7,2017,2017-07-17,4,-18.333333333333332
4821,CA-2015-140025,Standard Class,PF-19120,Peter Fuller,Consumer,United States,San Antonio,Texas,78207,Central,OFF-AP-10002651,Office Supplies,Appliances,Hoover Upright Vacuum With Dirt Cup,463.248,8,0.8,-1181.2824,2015-04-07,4,2015,2015-04-11,4,-255.00000000000003
4857,CA-2015-137526,Standard Class,PB-19150,Philip Brown,Consumer,United States,Los Angeles,California,90004,West,OFF-BI-10003364,Office Supplies,Binders,Binding Machine Supplies,70.008,3,0.2,24.5028,2015-01-13,1,2015,2015-01-17,4,35.0
4906,US-2014-146353,Second Class,JE-15610,Jim Epp,Corporate,United States,Concord,New Hampshire,3301,East,OFF-BI-10003476,Office Supplies,Binders,Avery Metallic Poly Binders,22.92,4,0.0,11.0016,2014-10-14,10,2014,2014-10-16,2,48.0
4919,CA-2016-160304,Standard Class,BM-11575,Brendan Murry,Corporate,United States,Gaithersburg,Maryland,20877,East,FUR-BO-10004709,Furniture,Bookcases,"Bush Westfield Collection Bookcases, Medium Cherry Finish",173.94,3,0.0,38.2668,2016-01-02,1,2016,2016-01-07,5,22.000000000000004
4936,CA-2015-155124,Standard Class,KS-16300,Karen Seio,Corporate,United States,Lehi,Utah,84043,West,TEC-PH-10003356,Technology,Phones,"SmartStand Mobile Device Holder, Assorted Colors",16.776,3,0.2,1.6776,2015-03-15,3,2015,2015-03-21,6,10.0
4937,CA-2017-150931,Standard Class,DP-13390,Dennis Pardue,Home Office,United States,Tuscaloosa,Alabama,35401,South,OFF-BI-10004728,Office Supplies,Binders,Wilson Jones Turn Tabs Binder Tool for Ring Binders,33.74,7,0.0,15.5204,2017-01-06,1,2017,2017-01-13,7,46.0
4962,CA-2014-156587,First Class,AB-10015,Aaron Bergman,Consumer,United States,Seattle,Washington,98103,West,FUR-CH-10004477,Furniture,Chairs,"Global Push Button Manager's Chair, Indigo",48.712,1,0.2,5.4801,2014-03-07,3,2014,2014-03-08,1,11.25
4986,CA-2014-125171,Same Day,AG-10390,Allen Goldenen,Consumer,United States,New York City,New York,10009,East,OFF-LA-10001175,Office Supplies,Labels,Avery 514,14.4,5,0.0,7.056,2014-09-03,9,2014,2014-09-03,0,49.0
4999,CA-2016-129238,Standard Class,SC-20050,Sample Company A,Home Office,United States,Los Angeles,California,90045,West,TEC-PH-10004120,Technology,Phones,AT&T 1080 Phone,109.592,1,0.2,8.2194,2016-01-31,2,2016,2016-02-04,4,7.5
5002,CA-2016-136126,Same Day,EH-14125,Eugene Hildebrand,Home Office,United States,Newport News,Virginia,23602,South,OFF-SU-10000898,Office Supplies,Supplies,"Acme Hot Forged Carbon Steel Scissors with Nickel-Plated Handles, 3 7/8"" Cut, 8""L",69.5,5,0.0,20.155,2016-05-24,5,2016,2016-05-24,0,29.000000000000004
5005,CA-2014-156006,Second Class,TM-21010,Tamara Manning,Consumer,United States,Jackson,Mississippi,39212,South,TEC-AC-10002550,Technology,Accessories,Maxell 4.7GB DVD-RW 3/Pack,47.79,3,0.0,16.2486,2014-04-30,5,2014,2014-05-02,2,34.0
5057,CA-2015-162166,First Class,NM-18520,Neoma Murray,Consumer,United States,Moreno Valley,California,92553,West,OFF-PA-10002606,Office Supplies,Paper,Xerox 1928,26.4,5,0.0,11.88,2015-09-08,9,2015,2015-09-11,3,45.00000000000001
5059,CA-2016-120796,Standard Class,CS-11950,Carlos Soltero,Consumer,United States,Philadelphia,Pennsylvania,19140,East,OFF-BI-10004330,Office Supplies,Binders,"GBC Velobind Prepunched Cover Sets, Regency Series",99.846,9,0.7,-83.205,2016-04-03,4,2016,2016-04-07,4,-83.33333333333333
5075,CA-2017-151071,Second Class,MB-18085,Mick Brown,Consumer,United States,Los Angeles,California,90049,West,OFF-BI-10002103,Office Supplies,Binders,"Cardinal Slant-D Ring Binder, Heavy Gauge Vinyl",13.904,2,0.2,4.5188,2017-04-25,4,2017,2017-04-29,4,32.49999999999999
5076,CA-2014-134572,Second Class,SV-20365,Seth Vernon,Consumer,United States,Houston,Texas,77070,Central,FUR-TA-10001705,Furniture,Tables,Bush Advantage Collection Round Conference Table,744.1,5,0.3,-95.67,2014-04-20,4,2014,2014-04-22,2,-12.857142857142856
5090,CA-2017-132738,First Class,HM-14860,Harry Marie,Corporate,United States,Loveland,Colorado,80538,West,OFF-PA-10001752,Office Supplies,Paper,Hammermill CopyPlus Copy Paper (20Lb. and 84 Bright),7.968,2,0.2,2.8884,2017-08-04,8,2017,2017-08-07,3,36.25
5115,CA-2016-150658,Standard Class,MS-17365,Maribeth Schnelling,Consumer,United States,Carlsbad,New Mexico,88220,West,OFF-BI-10004140,Office Supplies,Binders,Avery Non-Stick Binders,10.776,3,0.2,3.3675,2016-11-17,11,2016,2016-11-22,5,31.25
5133,CA-2015-123330,Standard Class,EP-13915,Emily Phan,Consumer,United States,Deltona,Florida,32725,South,TEC-PH-10001819,Technology,Phones,Innergie mMini Combo Duo USB Travel Charging Kit,107.976,3,0.2,37.7916,2015-06-21,6,2015,2015-06-27,6,35.0
5162,CA-2014-111192,Standard Class,TS-21430,Tom Stivers,Corporate,United States,Seattle,Washington,98103,West,FUR-BO-10002916,Furniture,Bookcases,"Rush Hierlooms Collection 1"" Thick Stackable Bookcases",1367.84,8,0.0,259.8896,2014-07-30,8,2014,2014-08-05,6,19.0
5171,CA-2016-122903,Second Class,LA-16780,Laura Armstrong,Corporate,United States,Detroit,Michigan,48205,Central,FUR-CH-10002024,Furniture,Chairs,HON 5400 Series Task Chairs for Big and Tall,3504.9,5,0.0,700.98,2016-05-27,5,2016,2016-05-29,2,20.0
5188,CA-2015-115567,Standard Class,ZC-21910,Zuschuss Carroll,Consumer,United States,Columbus,Indiana,47201,Central,TEC-AC-10001314,Technology,Accessories,Case Logic 2.4GHz Wireless Keyboard,199.96,4,0.0,15.9968,2015-09-13,9,2015,2015-09-18,5,8.0
5192,US-2017-141943,Standard Class,DK-12985,Darren Koutras,Consumer,United States,San Francisco,California,94122,West,OFF-EN-10003448,Office Supplies,Envelopes,"Peel & Seel Recycled Catalog Envelopes, Brown",23.16,2,0.0,11.58,2017-05-05,5,2017,2017-05-09,4,50.0
5197,CA-2014-159709,Standard Class,AI-10855,Arianne Irving,Consumer,United States,Kent,Washington,98031,West,OFF-EN-10001434,Office Supplies,Envelopes,"Strathmore #10 Envelopes, Ultimate White",158.13,3,0.0,77.4837,2014-05-10,5,2014,2014-05-15,5,49.0
5211,CA-2015-156755,Standard Class,YS-21880,Yana Sorensen,Corporate,United States,Newark,Delaware,19711,East,OFF-ST-10002615,Office Supplies,Storage,"Dual Level, Single-Width Filing Carts",465.18,3,0.0,120.9468,2015-01-12,1,2015,2015-01-18,6,26.0
5221,CA-2014-140487,Standard Class,SR-20425,Sharelle Roach,Home Office,United States,Detroit,Michigan,48234,Central,FUR-BO-10000711,Furniture,Bookcases,"Hon Metal Bookcases, Gray",212.94,3,0.0,57.4938,2014-06-14,6,2014,2014-06-20,6,27.0
5226,CA-2016-119865,Standard Class,AS-10090,Adam Shillingsburg,Consumer,United States,New York City,New York,10011,East,OFF-BI-10001553,Office Supplies,Binders,SpineVue Locking Slant-D Ring Binders by Cardinal,36.56,5,0.2,12.796,2016-06-21,6,2016,2016-06-26,5,35.0
5235,CA-2017-131037,First Class,TM-21490,Tony Molinari,Consumer,United States,San Francisco,California,94110,West,FUR-TA-10001768,Furniture,Tables,Hon Racetrack Conference Tables,210.008,1,0.2,2.6251,2017-08-22,8,2017,2017-08-23,1,1.25
5245,CA-2016-156265,Second Class,BF-11020,Barry Französisch,Corporate,United States,Los Angeles,California,90032,West,FUR-TA-10001691,Furniture,Tables,"Barricks Non-Folding Utility Table with Steel Legs, Laminate Tops",136.464,2,0.2,15.3522,2016-08-02,8,2016,2016-08-04,2,11.25
5248,US-2015-168914,Standard Class,JE-15745,Joel Eaton,Consumer,United States,Frankfort,Illinois,60423,Central,OFF-AP-10000358,Office Supplies,Appliances,Fellowes Basic Home/Office Series Surge Protectors,20.768,8,0.8,-52.9584,2015-05-21,5,2015,2015-05-27,6,-254.99999999999997
5258,US-2017-114034,Standard Class,DL-13315,Delfina Latchford,Consumer,United States,Rancho Cucamonga,California,91730,West,OFF-PA-10004735,Office Supplies,Paper,Xerox 1905,38.88,6,0.0,18.6624,2017-01-03,1,2017,2017-01-08,5,48.00000000000001
5266,CA-2017-147452,First Class,CS-11845,Cari Sayre,Corporate,United States,Seattle,Washington,98103,West,OFF-PA-10001838,Office Supplies,Paper,"Adams Telephone Message Book W/Dividers/Space For Phone Numbers, 5 1/4""X8 1/2"", 300/Messages",11.76,2,0.0,5.7624,2017-09-30,10,2017,2017-10-03,3,49.00000000000001
5272,CA-2017-125913,Same Day,JO-15145,Jack O'Briant,Corporate,United States,Los Angeles,California,90008,West,FUR-FU-10001487,Furniture,Furnishings,"Eldon Expressions Wood and Plastic Desk Accessories, Cherry Wood",27.92,4,0.0,8.0968,2017-01-16,1,2017,2017-01-16,0,28.999999999999996
5279,CA-2014-159681,Standard Class,PO-18850,Patrick O'Brill,Consumer,United States,Virginia Beach,Virginia,23464,South,OFF-PA-10003641,Office Supplies,Paper,Xerox 1909,105.52,4,0.0,48.5392,2014-12-07,12,2014,2014-12-13,6,46.0
5312,CA-2016-123414,Standard Class,SU-20665,Stephanie Ulpright,Home Office,United States,Greenville,North Carolina,27834,South,OFF-LA-10004559,Office Supplies,Labels,Avery 49,9.216,4,0.2,3.3408,2016-08-21,8,2016,2016-08-27,6,36.25000000000001
5328,CA-2014-130813,Second Class,LS-17230,Lycoris Saunders,Consumer,United States,Los Angeles,California,90049,West,OFF-PA-10002005,Office Supplies,Paper,Xerox 225,19.44,3,0.0,9.3312,2014-01-06,1,2014,2014-01-08,2,48.00000000000001
5349,CA-2015-149811,Standard Class,CS-12250,Chris Selesnick,Corporate,United States,Woodbury,Minnesota,55125,Central,OFF-BI-10003676,Office Supplies,Binders,"GBC Standard Recycled Report Covers, Clear Plastic Sheets",32.34,3,0.0,15.5232,2015-01-04,1,2015,2015-01-10,6,47.99999999999999
5365,CA-2014-123477,Second Class,DW-13195,David Wiener,Corporate,United States,Springfield,Oregon,97477,West,OFF-AP-10000692,Office Supplies,Appliances,Fellowes Mighty 8 Compact Surge Protector,64.864,4,0.2,6.4864,2014-01-18,1,2014,2014-01-21,3,10.0
5373,CA-2015-118738,Standard Class,AG-10495,Andrew Gjertsen,Corporate,United States,Houston,Texas,77041,Central,OFF-PA-10003177,Office Supplies,Paper,Xerox 1999,15.552,3,0.2,5.4432,2015-10-24,10,2015,2015-10-30,6,35.0
5380,CA-2016-136021,Standard Class,JM-15580,Jill Matthias,Consumer,United States,Los Angeles,California,90045,West,OFF-PA-10000551,Office Supplies,Paper,Array Memo Cubes,15.54,3,0.0,7.6146,2016-08-14,8,2016,2016-08-18,4,49.00000000000001
5388,CA-2017-164707,Second Class,CV-12805,Cynthia Voltz,Corporate,United States,Los Angeles,California,90045,West,TEC-PH-10001924,Technology,Phones,iHome FM Clock Radio with Lightning Dock,167.976,3,0.2,10.4985,2017-02-18,2,2017,2017-02-21,3,6.25
5403,CA-2017-123043,Standard Class,AH-10195,Alan Haines,Corporate,United States,New York City,New York,10024,East,OFF-BI-10003910,Office Supplies,Binders,DXL Angle-View Binders with Locking Rings by Samsill,24.672,4,0.2,7.71,2017-08-24,8,2017,2017-08-29,5,31.25
5421,US-2016-151827,Second Class,CS-11950,Carlos Soltero,Consumer,United States,Philadelphia,Pennsylvania,19134,East,TEC-PH-10002789,Technology,Phones,LG Exalt,280.782,3,0.4,-60.8361,2016-03-31,4,2016,2016-04-02,2,-21.666666666666668
5455,CA-2017-160962,Standard Class,MC-17605,Matt Connell,Corporate,United States,Philadelphia,Pennsylvania,19143,East,OFF-ST-10001325,Office Supplies,Storage,Sterilite Officeware Hinged File Box,8.384,1,0.2,0.7336,2017-04-28,5,2017,2017-05-02,4,8.75
5463,CA-2014-146591,First Class,TS-21340,Toby Swindell,Consumer,United States,Scottsdale,Arizona,85254,West,OFF-BI-10003676,Office Supplies,Binders,"GBC Standard Recycled Report Covers, Clear Plastic Sheets",32.34,10,0.7,-23.716,2014-01-19,1,2014,2014-01-20,1,-73.33333333333333
5467,CA-2014-107706,Second Class,ST-20530,Shui Tom,Consumer,United States,Houston,Texas,77095,Central,OFF-PA-10000466,Office Supplies,Paper,"Memo Book, 100 Message Capacity, 5 3/8 x 11",16.176,3,0.2,6.066,2014-02-14,2,2014,2014-02-19,5,37.5
5481,CA-2017-105487,Standard Class,CS-12250,Chris Selesnick,Corporate,United States,San Diego,California,92105,West,TEC-PH-10001336,Technology,Phones,Digium D40 VoIP phone,103.192,1,0.2,11.6091,2017-10-08,10,2017,2017-10-14,6,11.25
5509,CA-2015-168529,Standard Class,MB-17305,Maria Bertelson,Consumer,United States,San Francisco,California,94122,West,FUR-FU-10001588,Furniture,Furnishings,"Deflect-o SuperTray Unbreakable Stackable Tray, Letter, Black",145.9,5,0.0,62.737,2015-10-08,10,2015,2015-10-12,4,43.0
5512,US-2014-137680,Standard Class,JH-15430,Jennifer Halladay,Consumer,United States,Medford,Oregon,97504,West,OFF-PA-10000174,Office Supplies,Paper,"Message Book, Wirebound, Four 5 1/2"" X 4"" Forms/Pg., 200 Dupl. Sets/Book",32.896,4,0.2,11.1024,2014-02-24,3,2014,2014-03-02,6,33.75
5514,CA-2015-103177,First Class,EN-13780,Edward Nazzal,Consumer,United States,New York City,New York,10009,East,TEC-PH-10001795,Technology,Phones,RCA H5401RE1 DECT 6.0 4-Line Cordless Handset With Caller ID/Call Waiting,239.97,3,0.0,2.3997,2015-05-30,6,2015,2015-06-01,2,1.0
5529,CA-2015-137106,Standard Class,SC-20260,Scott Cohen,Corporate,United States,Jacksonville,Florida,32216,South,TEC-PH-10000011,Technology,Phones,PureGear Roll-On Screen Protector,79.96,5,0.2,27.986,2015-03-31,4,2015,2015-04-04,4,35.0
5540,US-2017-150595,Standard Class,LE-16810,Laurel Elliston,Consumer,United States,Chicago,Illinois,60653,Central,FUR-CH-10000513,Furniture,Chairs,High-Back Leather Manager's Chair,181.986,2,0.3,-54.5958,2017-05-22,5,2017,2017-05-26,4,-30.0
5543,CA-2016-134936,Standard Class,ES-14080,Erin Smith,Corporate,United States,Tucson,Arizona,85705,West,FUR-TA-10001086,Furniture,Tables,"SAFCO PlanMaster Boards, 60w x 37-1/2d, White Melamine",455.97,6,0.5,-218.8656,2016-12-19,12,2016,2016-12-25,6,-48.0
5582,CA-2017-163818,Standard Class,PS-18970,Paul Stevenson,Home Office,United States,Clinton,Maryland,20735,East,FUR-FU-10000076,Furniture,Furnishings,24-Hour Round Wall Clock,19.98,1,0.0,8.5914,2017-10-04,10,2017,2017-10-08,4,43.0
5614,CA-2016-147431,Standard Class,AB-10105,Adrian Barton,Consumer,United States,New York City,New York,10011,East,OFF-ST-10003994,Office Supplies,Storage,"Belkin 19"" Center-Weighted Shelf, Gray",117.96,2,0.0,5.898,2016-02-02,2,2016,2016-02-07,5,5.0
5624,CA-2016-121748,Second Class,VW-21775,Victoria Wilson,Corporate,United States,Los Angeles,California,90032,West,TEC-AC-10003063,Technology,Accessories,Micro Innovations USB RF Wireless Keyboard with Mouse,100.0,4,0.0,21.0,2016-10-24,10,2016,2016-10-28,4,21.0
5631,CA-2014-127614,Standard Class,NF-18385,Natalie Fritzler,Consumer,United States,Chesapeake,Virginia,23320,South,TEC-AC-10001432,Technology,Accessories,Enermax Aurora Lite Keyboard,234.45,3,0.0,103.158,2014-02-11,2,2014,2014-02-15,4,44.0
5639,CA-2014-154893,Standard Class,GM-14440,Gary McGarr,Consumer,United States,San Diego,California,92024,West,FUR-CH-10004287,Furniture,Chairs,SAFCO Arco Folding Chair,1325.76,6,0.2,149.148,2014-12-21,12,2014,2014-12-27,6,11.25
5644,CA-2015-166604,Second Class,AH-10690,Anna Häberlin,Corporate,United States,Roswell,Georgia,30076,South,OFF-EN-10004147,Office Supplies,Envelopes,Wausau Papers Astrobrights Colored Envelopes,17.94,3,0.0,8.7906,2015-05-15,5,2015,2015-05-20,5,48.99999999999999
5676,CA-2014-135993,Standard Class,PJ-18835,Patrick Jones,Corporate,United States,Seattle,Washington,98115,West,TEC-PH-10001552,Technology,Phones,I Need's 3d Hello Kitty Hybrid Silicone Case Cover for HTC One X 4g with 3d Hello Kitty Stylus Pen Green/pink,57.408,6,0.2,5.7408,2014-05-28,6,2014,2014-06-02,5,10.0
5679,CA-2016-143924,Standard Class,SC-20680,Steve Carroll,Home Office,United States,Holland,Michigan,49423,Central,OFF-FA-10000735,Office Supplies,Fasteners,Staples,20.44,7,0.0,9.198,2016-07-28,8,2016,2016-08-03,6,45.0
5683,CA-2014-164315,Standard Class,RD-19585,Rob Dowd,Consumer,United States,Athens,Georgia,30605,South,OFF-PA-10004248,Office Supplies,Paper,Xerox 1990,15.84,3,0.0,7.128,2014-04-02,4,2014,2014-04-08,6,45.0
5687,CA-2014-131541,Same Day,CK-12205,Chloris Kastensmidt,Consumer,United States,Apopka,Florida,32712,South,OFF-FA-10000621,Office Supplies,Fasteners,"OIC Colored Binder Clips, Assorted Sizes",14.32,5,0.2,5.191,2014-07-28,7,2014,2014-07-28,0,36.25
5720,CA-2017-126550,Second Class,RD-19720,Roger Demir,Consumer,United States,Lafayette,Indiana,47905,Central,OFF-ST-10001031,Office Supplies,Storage,Adjustable Personal File Tote,81.4,5,0.0,21.164,2017-03-29,4,2017,2017-04-02,4,26.0
5754,CA-2016-118514,Standard Class,LC-17050,Liz Carlisle,Consumer,United States,Richmond,Kentucky,40475,South,FUR-CH-10000015,Furniture,Chairs,Hon Multipurpose Stacking Arm Chairs,866.4,4,0.0,225.264,2016-02-03,2,2016,2016-02-10,7,26.0
5758,CA-2015-119634,Standard Class,BW-11065,Barry Weirich,Consumer,United States,Raleigh,North Carolina,27604,South,FUR-FU-10004270,Furniture,Furnishings,"Executive Impressions 13"" Clairmont Wall Clock",46.152,3,0.2,12.1149,2015-08-11,8,2015,2015-08-16,5,26.25
5766,US-2014-126340,Standard Class,EB-13870,Emily Burns,Consumer,United States,Redding,California,96003,West,TEC-PH-10004447,Technology,Phones,Toshiba IPT2010-SD IP Telephone,333.576,3,0.2,25.0182,2014-11-08,11,2014,2014-11-14,6,7.5
5769,CA-2015-154900,Standard Class,SS-20875,Sung Shariari,Consumer,United States,Leominster,Massachusetts,1453,East,OFF-LA-10001641,Office Supplies,Labels,Avery 518,3.15,1,0.0,1.512,2015-02-25,3,2015,2015-03-01,4,48.00000000000001
5774,CA-2016-117408,Standard Class,TP-21130,Theone Pippenger,Consumer,United States,Waco,Texas,76706,Central,OFF-ST-10001580,Office Supplies,Storage,Super Decoflex Portable Personal File,23.968,2,0.2,2.3968,2016-08-31,9,2016,2016-09-06,6,10.0
5800,CA-2014-166716,Second Class,CR-12730,Craig Reiter,Consumer,United States,Chicago,Illinois,60610,Central,FUR-CH-10004495,Furniture,Chairs,"Global Leather and Oak Executive Chair, Black",421.372,2,0.3,-6.0196,2014-08-20,8,2014,2014-08-25,5,-1.4285714285714284
5810,CA-2016-125017,Standard Class,KB-16240,Karen Bern,Corporate,United States,Chattanooga,Tennessee,37421,South,FUR-FU-10000723,Furniture,Furnishings,"Deflect-o EconoMat Studded, No Bevel Mat for Low Pile Carpeting",132.224,4,0.2,-18.1808,2016-02-06,2,2016,2016-02-11,5,-13.750000000000002
5825,CA-2014-115056,Same Day,AR-10510,Andrew Roberts,Consumer,United States,Columbus,Ohio,43229,East,OFF-AP-10003971,Office Supplies,Appliances,Belkin 6 Outlet Metallic Surge Strip,26.136,3,0.2,1.9602,2014-05-02,5,2014,2014-05-02,0,7.5
5832,CA-2015-111206,Standard Class,RF-19735,Roland Fjeld,Consumer,United States,San Diego,California,92105,West,TEC-AC-10003095,Technology,Accessories,Logitech G35 7.1-Channel Surround Sound Headset,519.96,4,0.0,176.7864,2015-07-18,7,2015,2015-07-22,4,34.0
5839,CA-2015-132948,Standard Class,MV-17485,Mark Van Huff,Consumer,United States,Seattle,Washington,98115,West,OFF-ST-10000636,Office Supplies,Storage,Rogers Profile Extra Capacity Storage Tub,83.7,5,0.0,3.348,2015-03-27,4,2015,2015-04-03,7,3.9999999999999996
5854,US-2014-138835,Standard Class,DA-13450,Dianna Arnett,Home Office,United States,Virginia Beach,Virginia,23464,South,OFF-BI-10003314,Office Supplies,Binders,Tuff Stuff Recycled Round Ring Binders,9.64,2,0.0,4.7236,2014-09-10,9,2014,2014-09-14,4,49.0
5855,CA-2015-112214,Standard Class,AH-10690,Anna Häberlin,Corporate,United States,Dallas,Texas,75220,Central,OFF-ST-10001505,Office Supplies,Storage,"Perma STOR-ALL Hanging File Box, 13 1/8""W x 12 1/4""D x 10 1/2""H",33.488,7,0.2,-1.2558,2015-08-05,8,2015,2015-08-11,6,-3.75
5861,CA-2015-157434,Second Class,JK-15640,Jim Kriz,Home Office,United States,Philadelphia,Pennsylvania,19120,East,OFF-PA-10001526,Office Supplies,Paper,Xerox 1949,7.968,2,0.2,2.8884,2015-04-29,5,2015,2015-05-04,5,36.25
5886,US-2014-109456,Same Day,LS-17245,Lynn Smith,Consumer,United States,San Francisco,California,94110,West,OFF-BI-10000136,Office Supplies,Binders,Avery Non-Stick Heavy Duty View Round Locking Ring Binders,14.352,3,0.2,5.0232,2014-10-16,10,2014,2014-10-17,1,35.0
5985,CA-2016-163776,Standard Class,JS-16030,Joy Smith,Consumer,United States,Hattiesburg,Mississippi,39401,South,FUR-FU-10001185,Furniture,Furnishings,"Advantus Employee of the Month Certificate Frame, 11 x 13-1/2",185.58,6,0.0,76.0878,2016-07-19,7,2016,2016-07-25,6,41.0
6009,CA-2015-135580,Standard Class,CL-12565,Clay Ludtke,Consumer,United States,Los Angeles,California,90049,West,OFF-PA-10000595,Office Supplies,Paper,Xerox 1929,68.52,3,0.0,31.5192,2015-12-30,1,2016,2016-01-03,4,46.0
6020,CA-2014-152422,Second Class,BD-11635,Brian Derr,Consumer,United States,Columbus,Ohio,43229,East,OFF-AP-10002892,Office Supplies,Appliances,Belkin F5C206VTEL 6 Outlet Surge,91.92,5,0.2,11.49,2014-10-05,10,2014,2014-10-10,5,12.5
6035,US-2015-155369,Standard Class,PG-18820,Patrick Gardner,Consumer,United States,Carrollton,Texas,75007,Central,OFF-AP-10002578,Office Supplies,Appliances,"Fellowes Premier Superior Surge Suppressor, 10-Outlet, With Phone and Remote",19.568,2,0.8,-52.8336,2015-04-19,4,2015,2015-04-25,6,-270.0
6043,CA-2016-117912,Standard Class,TB-21520,Tracy Blumstein,Consumer,United States,Sierra Vista,Arizona,85635,West,FUR-FU-10002088,Furniture,Furnishings,Nu-Dell Float Frame 11 x 14 1/2,14.368,2,0.2,3.9512,2016-02-04,2,2016,2016-02-08,4,27.500000000000004
6050,CA-2016-152765,First Class,LS-17245,Lynn Smith,Consumer,United States,Houston,Texas,77036,Central,OFF-PA-10000483,Office Supplies,Paper,Xerox 19,173.488,7,0.2,54.215,2016-06-15,6,2016,2016-06-18,3,31.25
6058,CA-2014-107524,Standard Class,KN-16705,Kristina Nunn,Home Office,United States,New York City,New York,10009,East,OFF-EN-10001990,Office Supplies,Envelopes,Staple envelope,11.36,2,0.0,5.3392,2014-03-02,3,2014,2014-03-08,6,47.0
6082,US-2014-165589,Same Day,TB-21595,Troy Blackwell,Consumer,United States,Lubbock,Texas,79424,Central,FUR-FU-10002396,Furniture,Furnishings,"DAX Copper Panel Document Frame, 5 x 7 Size",25.16,5,0.6,-11.322,2014-02-18,2,2014,2014-02-18,0,-44.99999999999999
6091,CA-2017-100111,Standard Class,SV-20365,Seth Vernon,Consumer,United States,New York City,New York,10035,East,FUR-CH-10003846,Furniture,Chairs,Hon Valutask Swivel Chairs,272.646,3,0.1,18.1764,2017-09-20,9,2017,2017-09-26,6,6.666666666666667
6129,US-2014-158400,First Class,AH-10030,Aaron Hawkins,Corporate,United States,San Francisco,California,94109,West,OFF-BI-10002353,Office Supplies,Binders,GBC VeloBind Cover Sets,49.408,4,0.2,18.528,2014-10-25,10,2014,2014-10-28,3,37.49999999999999
6136,CA-2015-105613,Standard Class,KN-16705,Kristina Nunn,Home Office,United States,Mcallen,Texas,78501,Central,TEC-AC-10000521,Technology,Accessories,"Verbatim Slim CD and DVD Storage Cases, 50/Pack",27.696,3,0.2,3.462,2015-10-18,10,2015,2015-10-22,4,12.5
6146,CA-2014-133543,Standard Class,KM-16660,Khloe Miller,Consumer,United States,San Jose,California,95123,West,OFF-AR-10003394,Office Supplies,Art,Newell 332,11.76,4,0.0,3.1752,2014-12-22,12,2014,2014-12-26,4,26.999999999999996
6158,CA-2016-104150,Second Class,AG-10330,Alex Grayson,Consumer,United States,Tulsa,Oklahoma,74133,Central,OFF-EN-10002504,Office Supplies,Envelopes,"Tyvek  Top-Opening Peel & Seel Envelopes, Plain White",81.54,3,0.0,38.3238,2016-08-03,8,2016,2016-08-05,2,47.0
6161,CA-2014-103989,First Class,MC-17605,Matt Connell,Corporate,United States,Lakeland,Florida,33801,South,TEC-PH-10004667,Technology,Phones,Cisco 8x8 Inc. 6753i IP Business Phone System,323.976,3,0.2,28.3479,2014-03-19,3,2014,2014-03-21,2,8.75
6173,US-2014-106299,Standard Class,NZ-18565,Nick Zandusky,Home Office,United States,Springfield,Missouri,65807,Central,OFF-BI-10001758,Office Supplies,Binders,Wilson Jones 14 Line Acrylic Coated Pressboard Data Binders,26.7,5,0.0,12.549,2014-08-02,8,2014,2014-08-08,6,47.0
6190,CA-2017-157903,Standard Class,AM-10705,Anne McFarland,Consumer,United States,Des Plaines,Illinois,60016,Central,TEC-PH-10004345,Technology,Phones,Cisco SPA 502G IP Phone,383.84,4,0.2,47.98,2017-04-04,4,2017,2017-04-08,4,12.5
6192,CA-2017-107986,Same Day,MW-18220,Mitch Webber,Consumer,United States,Seattle,Washington,98103,West,OFF-ST-10001325,Office Supplies,Storage,Sterilite Officeware Hinged File Box,31.44,3,0.0,8.4888,2017-12-13,12,2017,2017-12-13,0,26.999999999999996
6218,US-2015-129553,Standard Class,PG-18820,Patrick Gardner,Consumer,United States,Louisville,Kentucky,40214,South,TEC-PH-10004897,Technology,Phones,Mediabridge Sport Armband iPhone 5s,29.97,3,0.0,0.2997,2015-07-27,8,2015,2015-08-02,6,1.0000000000000002
6237,CA-2016-144400,Standard Class,AC-10420,Alyssa Crouse,Corporate,United States,Philadelphia,Pennsylvania,19120,East,OFF-EN-10004386,Office Supplies,Envelopes,"Recycled Interoffice Envelopes with String and Button Closure, 10 x 13",57.576,3,0.2,21.591,2016-02-23,2,2016,2016-02-27,4,37.5
6265,US-2016-115952,Same Day,JH-15910,Jonathan Howell,Consumer,United States,Tulsa,Oklahoma,74133,Central,OFF-BI-10004654,Office Supplies,Binders,Avery Binding System Hidden Tab Executive Style Index Sets,28.85,5,0.0,14.425,2016-10-06,10,2016,2016-10-06,0,50.0
6293,CA-2015-151253,Standard Class,AZ-10750,Annie Zypern,Consumer,United States,Los Angeles,California,90008,West,TEC-PH-10002923,Technology,Phones,"Logitech B530 USB Headset - headset - Full size, Binaural",88.776,3,0.2,7.7679,2015-04-22,4,2015,2015-04-26,4,8.75
6295,CA-2014-141152,First Class,RF-19345,Randy Ferguson,Corporate,United States,New York City,New York,10024,East,OFF-BI-10002931,Office Supplies,Binders,"Avery Trapezoid Extra Heavy Duty 4"" Binders",33.552,1,0.2,12.582,2014-09-16,9,2014,2014-09-19,3,37.5
6312,CA-2014-112837,Standard Class,LW-17125,Liz Willingham,Consumer,United States,Oxnard,California,93030,West,FUR-FU-10004006,Furniture,Furnishings,"Deflect-o DuraMat Lighweight, Studded, Beveled Mat for Low Pile Carpeting",127.95,3,0.0,21.7515,2014-09-11,9,2014,2014-09-16,5,17.0
6324,CA-2014-104402,Standard Class,DB-13660,Duane Benoit,Consumer,United States,Newark,Delaware,19711,East,TEC-MA-10000423,Technology,Machines,Texas Instruments TI-34 Scientific Calculator,65.97,3,0.0,31.0059,2014-06-17,6,2014,2014-06-23,6,47.0
6325,CA-2015-110289,Standard Class,NB-18655,Nona Balk,Corporate,United States,San Francisco,California,94109,West,OFF-PA-10002986,Office Supplies,Paper,Xerox 1898,33.4,5,0.0,16.032,2015-10-29,11,2015,2015-11-02,4,48.00000000000001
6343,CA-2015-146255,First Class,EM-14140,Eugene Moren,Home Office,United States,Newark,Delaware,19711,East,TEC-AC-10004469,Technology,Accessories,Microsoft Sculpt Comfort Mouse,119.85,3,0.0,52.734,2015-03-07,3,2015,2015-03-10,3,44.00000000000001
6388,CA-2014-134103,Standard Class,MV-18190,Mike Vittorini,Consumer,United States,Detroit,Michigan,48234,Central,OFF-PA-10001204,Office Supplies,Paper,Xerox 1972,10.56,2,0.0,4.752,2014-01-30,2,2014,2014-02-04,5,44.99999999999999
6390,CA-2015-147529,Standard Class,DK-12835,Damala Kotsonis,Corporate,United States,Springfield,Virginia,22153,South,OFF-EN-10000056,Office Supplies,Envelopes,Cameo Buff Policy Envelopes,311.15,5,0.0,146.2405,2015-02-07,2,2015,2015-02-11,4,47.0
6398,CA-2017-131632,Standard Class,AH-10120,Adrian Hane,Home Office,United States,Dallas,Texas,75217,Central,OFF-AR-10003651,Office Supplies,Art,Newell 350,5.248,2,0.2,0.5904,2017-10-31,11,2017,2017-11-04,4,11.25
6402,CA-2017-125472,First Class,BD-11725,Bruce Degenhardt,Consumer,United States,Lafayette,Louisiana,70506,South,FUR-BO-10000330,Furniture,Bookcases,"Sauder Camden County Barrister Bookcase, Planked Cherry Finish",241.96,2,0.0,33.8744,2017-05-30,5,2017,2017-05-31,1,14.000000000000002
6434,CA-2015-121405,Standard Class,FC-14335,Fred Chung,Corporate,United States,Chicago,Illinois,60610,Central,OFF-PA-10001838,Office Supplies,Paper,"Adams Telephone Message Book W/Dividers/Space For Phone Numbers, 5 1/4""X8 1/2"", 300/Messages",23.52,5,0.2,8.526,2015-03-30,4,2015,2015-04-04,5,36.25
6471,CA-2015-108532,Standard Class,CC-12100,Chad Cunningham,Home Office,United States,Detroit,Michigan,48234,Central,TEC-PH-10001750,Technology,Phones,Samsung Rugby III,131.98,2,0.0,35.6346,2015-08-29,9,2015,2015-09-02,4,27.0
6475,CA-2014-149524,First Class,BS-11590,Brendan Sweed,Corporate,United States,Philadelphia,Pennsylvania,19140,East,FUR-BO-10003433,Furniture,Bookcases,Sauder Cornerstone Collection Library,61.96,4,0.5,-53.2856,2014-01-14,1,2014,2014-01-15,1,-86.0
6487,CA-2015-120621,Standard Class,JW-16075,Julia West,Consumer,United States,Jacksonville,North Carolina,28540,South,OFF-AP-10002945,Office Supplies,Appliances,Honeywell Enviracaire Portable HEPA Air Cleaner for 17' x 22' Room,962.08,4,0.2,156.338,2015-03-21,3,2015,2015-03-26,5,16.249999999999996
6491,CA-2014-149594,Standard Class,MF-18250,Monica Federle,Corporate,United States,Philadelphia,Pennsylvania,19120,East,FUR-FU-10000222,Furniture,Furnishings,"Seth Thomas 16"" Steel Case Clock",103.936,4,0.2,16.8896,2014-09-15,9,2014,2014-09-19,4,16.25
6498,CA-2015-103135,Standard Class,SS-20515,Shirley Schmidt,Home Office,United States,Louisville,Kentucky,40214,South,FUR-FU-10001487,Furniture,Furnishings,"Eldon Expressions Wood and Plastic Desk Accessories, Cherry Wood",20.94,3,0.0,6.0726,2015-07-24,7,2015,2015-07-28,4,28.999999999999996
6530,CA-2014-103744,Standard Class,MG-17875,Michael Grace,Home Office,United States,El Paso,Texas,79907,Central,OFF-LA-10004425,Office Supplies,Labels,Staple-on labels,6.936,3,0.2,2.3409,2014-02-23,2,2014,2014-02-27,4,33.75
6559,CA-2015-166947,Standard Class,EB-13750,Edward Becker,Corporate,United States,Buffalo,New York,14215,East,FUR-CH-10004997,Furniture,Chairs,Hon Every-Day Series Multi-Task Chairs,1522.638,9,0.1,169.182,2015-06-05,6,2015,2015-06-10,5,11.11111111111111
6563,CA-2014-166086,Standard Class,CT-11995,Carol Triggs,Consumer,United States,Lawrence,Massachusetts,1841,East,OFF-BI-10001078,Office Supplies,Binders,"Acco PRESSTEX Data Binder with Storage Hooks, Dark Blue, 14 7/8"" X 11""",16.14,3,0.0,7.9086,2014-05-07,5,2014,2014-05-12,5,49.0
6567,CA-2017-131282,Second Class,CB-12025,Cassandra Brandow,Consumer,United States,Waco,Texas,76706,Central,OFF-BI-10004632,Office Supplies,Binders,Ibico Hi-Tech Manual Binding System,243.992,4,0.8,-426.986,2017-02-05,2,2017,2017-02-08,3,-175.0
6573,CA-2016-161543,Standard Class,RD-19720,Roger Demir,Consumer,United States,Seattle,Washington,98105,West,OFF-PA-10003971,Office Supplies,Paper,Xerox 1965,11.96,2,0.0,5.8604,2016-05-10,5,2016,2016-05-16,6,49.0
6583,CA-2016-148516,Standard Class,DW-13585,Dorothy Wardle,Corporate,United States,Edmonds,Washington,98026,West,TEC-AC-10003610,Technology,Accessories,Logitech Illuminated - Keyboard,179.97,3,0.0,86.3856,2016-08-07,8,2016,2016-08-11,4,48.0
6612,CA-2015-107678,Standard Class,JK-16090,Juliana Krohn,Consumer,United States,Louisville,Kentucky,40214,South,FUR-CH-10001891,Furniture,Chairs,Global Deluxe Office Fabric Chairs,191.96,2,0.0,51.8292,2015-04-21,4,2015,2015-04-28,7,26.999999999999996
6619,US-2017-167402,Second Class,CP-12085,Cathy Prescott,Corporate,United States,Springfield,Missouri,65807,Central,OFF-PA-10004983,Office Supplies,Paper,Xerox 23,32.4,5,0.0,15.552,2017-01-13,1,2017,2017-01-18,5,48.0
6623,CA-2014-130449,First Class,VP-21760,Victoria Pisteka,Corporate,United States,San Francisco,California,94109,West,FUR-FU-10001487,Furniture,Furnishings,"Eldon Expressions Wood and Plastic Desk Accessories, Cherry Wood",41.88,6,0.0,12.1452,2014-09-06,9,2014,2014-09-09,3,28.999999999999996
6625,CA-2015-141250,Standard Class,PM-18940,Paul MacIntyre,Consumer,United States,Texas City,Texas,77590,Central,FUR-TA-10002855,Furniture,Tables,Bevis Round Conference Table Top & Single Column Base,102.438,1,0.3,-13.1706,2015-01-19,1,2015,2015-01-23,4,-12.857142857142856
6671,CA-2017-161088,Standard Class,MH-18115,Mick Hernandez,Home Office,United States,Columbus,Georgia,31907,South,OFF-BI-10002824,Office Supplies,Binders,Recycled Easel Ring Binders,29.84,2,0.0,13.428,2017-05-25,5,2017,2017-05-29,4,45.0
6684,CA-2014-109134,Standard Class,DE-13255,Deanra Eno,Home Office,United States,Los Angeles,California,90008,West,FUR-FU-10000320,Furniture,Furnishings,OIC Stacking Trays,20.04,6,0.0,8.8176,2014-11-05,11,2014,2014-11-10,5,44.00000000000001
6702,CA-2015-153535,Standard Class,SG-20470,Sheri Gordon,Consumer,United States,Wilson,North Carolina,27893,South,FUR-FU-10001986,Furniture,Furnishings,"Dana Fluorescent Magnifying Lamp, White, 36""",163.136,4,0.2,20.392,2015-05-20,5,2015,2015-05-24,4,12.5
6733,CA-2014-120096,First Class,KE-16420,Katrina Edelman,Corporate,United States,Aurora,Colorado,80013,West,OFF-PA-10001977,Office Supplies,Paper,Xerox 194,177.536,4,0.2,62.1376,2014-07-04,7,2014,2014-07-07,3,35.0
6744,CA-2015-156923,Standard Class,SP-20860,Sung Pak,Corporate,United States,Dover,New Hampshire,3820,East,OFF-PA-10002751,Office Supplies,Paper,Xerox 1920,35.88,6,0.0,16.146,2015-02-16,2,2015,2015-02-20,4,45.0
6762,CA-2016-162943,Second Class,DB-12970,Darren Budd,Corporate,United States,New York City,New York,10035,East,FUR-CH-10001708,Furniture,Chairs,Office Star - Contemporary Swivel Chair with Padded Adjustable Arms and Flex Back,253.764,2,0.1,31.0156,2016-07-24,7,2016,2016-07-26,2,12.222222222222221
6769,CA-2014-109302,Standard Class,CS-12175,Charles Sheldon,Corporate,United States,Lakewood,New Jersey,8701,East,OFF-BI-10002854,Office Supplies,Binders,"Performers Binder/Pad Holder, Black",196.21,7,0.0,98.105,2014-08-12,8,2014,2014-08-16,4,50.0
6849,US-2016-163461,First Class,BT-11440,Bobby Trafton,Consumer,United States,Frankfort,Illinois,60423,Central,OFF-PA-10003134,Office Supplies,Paper,Xerox 1937,76.864,2,0.2,26.9024,2016-06-18,6,2016,2016-06-21,3,35.0
6851,US-2016-100461,Standard Class,JO-15145,Jack O'Briant,Corporate,United States,Franklin,Wisconsin,53132,Central,FUR-BO-10002545,Furniture,Bookcases,"Atlantic Metals Mobile 3-Shelf Bookcases, Custom Colors",1565.88,6,0.0,407.1288,2016-01-08,1,2016,2016-01-12,4,26.0
6873,CA-2015-162544,First Class,SG-20080,Sandra Glassco,Consumer,United States,Seattle,Washington,98105,West,OFF-PA-10004948,Office Supplies,Paper,Xerox 190,4.98,1,0.0,2.3406,2015-12-16,12,2015,2015-12-19,3,46.99999999999999
6874,CA-2014-124394,Second Class,TB-21520,Tracy Blumstein,Consumer,United States,Beaumont,Texas,77705,Central,OFF-BI-10003676,Office Supplies,Binders,"GBC Standard Recycled Report Covers, Clear Plastic Sheets",10.78,5,0.8,-17.248,2014-10-17,10,2014,2014-10-22,5,-160.0
6899,US-2015-165512,Second Class,VS-21820,Vivek Sundaresam,Consumer,United States,Naperville,Illinois,60540,Central,FUR-CH-10002880,Furniture,Chairs,"Global High-Back Leather Tilter, Burgundy",602.651,7,0.3,-163.5767,2015-05-24,5,2015,2015-05-26,2,-27.142857142857142
6902,US-2017-135013,Same Day,HR-14830,Harold Ryan,Corporate,United States,Huntington Beach,California,92646,West,TEC-CO-10001449,Technology,Copiers,Hewlett Packard LaserJet 3310 Copier,2399.96,5,0.2,839.986,2017-07-24,7,2017,2017-07-24,0,35.0
6906,US-2017-149006,Second Class,BN-11470,Brad Norvell,Corporate,United States,Brentwood,California,94513,West,OFF-ST-10003221,Office Supplies,Storage,Staple magnet,10.68,1,0.0,2.8836,2017-12-06,12,2017,2017-12-08,2,27.0
6969,CA-2015-110765,Second Class,MP-17965,Michael Paige,Corporate,United States,New York City,New York,10011,East,TEC-PH-10004165,Technology,Phones,Mitel MiVoice 5330e IP Phone,824.97,3,0.0,214.4922,2015-10-16,10,2015,2015-10-20,4,26.0
6976,CA-2015-112144,Standard Class,CY-12745,Craig Yedwab,Corporate,United States,Gilbert,Arizona,85234,West,OFF-LA-10000443,Office Supplies,Labels,Avery 501,5.904,2,0.2,1.9926,2015-06-28,7,2015,2015-07-02,4,33.75
6999,US-2016-134369,Standard Class,BC-11125,Becky Castell,Home Office,United States,Laguna Niguel,California,92677,West,OFF-PA-10002195,Office Supplies,Paper,Xerox 1966,12.96,2,0.0,6.3504,2016-09-16,9,2016,2016-09-22,6,48.99999999999999
7000,CA-2017-123687,First Class,KC-16675,Kimberly Carter,Corporate,United States,Louisville,Kentucky,40214,South,OFF-AP-10002670,Office Supplies,Appliances,Belkin 8-Outlet Premiere SurgeMaster II Surge Protectors,208.44,3,0.0,62.532,2017-05-26,5,2017,2017-05-29,3,30.0
7065,CA-2017-169474,Standard Class,JF-15355,Jay Fein,Consumer,United States,Rochester,New York,14609,East,OFF-AP-10003971,Office Supplies,Appliances,Belkin 6 Outlet Metallic Surge Strip,32.67,3,0.0,8.4942,2017-02-04,2,2017,2017-02-09,5,25.999999999999996
7091,CA-2015-119480,Standard Class,CC-12685,Craig Carroll,Consumer,United States,Henderson,Kentucky,42420,South,OFF-PA-10000474,Office Supplies,Paper,Easy-staple paper,106.32,3,0.0,49.9704,2015-01-09,1,2015,2015-01-13,4,47.0
7096,CA-2016-101980,First Class,RP-19390,Resi Pölking,Consumer,United States,New York City,New York,10009,East,OFF-BI-10000666,Office Supplies,Binders,Surelock Post Binders,146.688,6,0.2,55.008,2016-08-19,8,2016,2016-08-20,1,37.50000000000001
7102,CA-2016-144337,Second Class,SG-20890,Susan Gilcrest,Corporate,United States,Amarillo,Texas,79109,Central,OFF-PA-10000249,Office Supplies,Paper,Easy-staple paper,19.648,2,0.2,6.6312,2016-08-01,8,2016,2016-08-05,4,33.75
7153,CA-2014-137911,Standard Class,BP-11095,Bart Pistole,Corporate,United States,Jacksonville,North Carolina,28540,South,OFF-PA-10004071,Office Supplies,Paper,"Eaton Premium Continuous-Feed Paper, 25% Cotton, Letter Size, White, 1000 Shts/Box",88.768,2,0.2,31.0688,2014-10-09,10,2014,2014-10-15,6,35.0
7160,CA-2015-145835,Second Class,BF-11170,Ben Ferrer,Home Office,United States,Chicago,Illinois,60623,Central,TEC-PH-10004447,Technology,Phones,Toshiba IPT2010-SD IP Telephone,222.384,2,0.2,16.6788,2015-05-13,5,2015,2015-05-18,5,7.5
7164,CA-2014-122070,Second Class,AH-10030,Aaron Hawkins,Corporate,United States,Troy,New York,12180,East,OFF-EN-10004773,Office Supplies,Envelopes,Staple envelope,247.84,8,0.0,121.4416,2014-04-22,4,2014,2014-04-24,2,49.0
7194,CA-2016-110492,First Class,JS-15880,John Stevenson,Consumer,United States,Atlanta,Georgia,30318,South,OFF-ST-10003716,Office Supplies,Storage,Tennsco Double-Tier Lockers,1350.12,6,0.0,175.5156,2016-02-12,2,2016,2016-02-14,2,13.0
7221,CA-2017-154760,Standard Class,BP-11290,Beth Paige,Consumer,United States,Philadelphia,Pennsylvania,19140,East,OFF-BI-10004632,Office Supplies,Binders,Ibico Hi-Tech Manual Binding System,274.491,3,0.7,-228.7425,2017-01-09,1,2017,2017-01-13,4,-83.33333333333334
7267,CA-2017-122987,Same Day,SJ-20215,Sarah Jordon,Consumer,United States,Columbia,Tennessee,38401,South,OFF-BI-10002824,Office Supplies,Binders,Recycled Easel Ring Binders,13.428,3,0.7,-11.19,2017-08-16,8,2017,2017-08-16,0,-83.33333333333333
7269,CA-2016-133368,Standard Class,AG-10675,Anna Gayman,Consumer,United States,Concord,North Carolina,28027,South,OFF-PA-10004039,Office Supplies,Paper,Xerox 1882,89.568,2,0.2,32.4684,2016-01-14,1,2016,2016-01-20,6,36.25000000000001
7273,US-2016-150357,Standard Class,EB-13975,Erica Bern,Corporate,United States,Greensboro,North Carolina,27405,South,OFF-SU-10004498,Office Supplies,Supplies,Martin-Yale Premier Letter Opener,20.608,2,0.2,-4.3792,2016-10-10,10,2016,2016-10-14,4,-21.25
7294,CA-2016-113656,Standard Class,CB-12415,Christy Brittain,Consumer,United States,Los Angeles,California,90036,West,FUR-FU-10000719,Furniture,Furnishings,"DAX Cubicle Frames, 8-1/2 x 11",59.99,7,0.0,21.5964,2016-01-23,1,2016,2016-01-29,6,36.0
7298,CA-2015-101126,Second Class,NB-18655,Nona Balk,Corporate,United States,Philadelphia,Pennsylvania,19143,East,OFF-ST-10000943,Office Supplies,Storage,Eldon ProFile File 'N Store Portable File Tub Letter/Legal Size Black,77.24,5,0.2,7.724,2015-02-10,2,2015,2015-02-14,4,10.0
7306,CA-2014-137274,Standard Class,MG-18145,Mike Gockenbach,Consumer,United States,Plano,Texas,75023,Central,FUR-TA-10001889,Furniture,Tables,Bush Advantage Collection Racetrack Conference Table,890.841,3,0.3,-152.7156,2014-03-29,4,2014,2014-04-02,4,-17.142857142857142
7317,CA-2016-132066,Standard Class,NB-18655,Nona Balk,Corporate,United States,New York City,New York,10011,East,FUR-TA-10001539,Furniture,Tables,Chromcraft Rectangular Conference Tables,142.182,1,0.4,-37.9152,2016-10-16,10,2016,2016-10-20,4,-26.666666666666668
7380,CA-2016-105732,Standard Class,AG-10270,Alejandro Grove,Consumer,United States,Omaha,Nebraska,68104,Central,OFF-ST-10000419,Office Supplies,Storage,"Rogers Jumbo File, Granite",40.74,3,0.0,0.4074,2016-09-13,9,2016,2016-09-18,5,0.9999999999999999
7390,CA-2017-108035,Standard Class,TT-21070,Ted Trevino,Consumer,United States,Chattanooga,Tennessee,37421,South,FUR-CH-10000454,Furniture,Chairs,"Hon Deluxe Fabric Upholstered Stacking Chairs, Rounded Back",390.368,2,0.2,48.796,2017-11-29,12,2017,2017-12-03,4,12.5
7438,CA-2014-165568,Standard Class,BF-11020,Barry Französisch,Corporate,United States,Seattle,Washington,98105,West,OFF-BI-10001031,Office Supplies,Binders,Pressboard Data Binders by Wilson Jones,21.36,5,0.2,7.209,2014-02-15,2,2014,2014-02-19,4,33.75
7496,CA-2017-121048,Standard Class,TC-21295,Toby Carlisle,Consumer,United States,Westminster,California,92683,West,OFF-BI-10004022,Office Supplies,Binders,Acco Suede Grain Vinyl Round Ring Binder,4.448,2,0.2,1.4456,2017-07-14,7,2017,2017-07-18,4,32.49999999999999
7551,CA-2014-140396,Standard Class,KH-16330,Katharine Harms,Corporate,United States,New York City,New York,10024,East,OFF-EN-10002592,Office Supplies,Envelopes,"Peel & Seel Recycled Catalog Envelopes, Brown",34.74,3,0.0,17.37,2014-11-20,11,2014,2014-11-25,5,50.0
7611,CA-2014-133354,First Class,SA-20830,Sue Ann Reed,Consumer,United States,Moreno Valley,California,92553,West,OFF-PA-10001800,Office Supplies,Paper,Xerox 220,19.44,3,0.0,9.3312,2014-02-22,2,2014,2014-02-24,2,48.00000000000001
7657,US-2014-120740,Same Day,PS-18970,Paul Stevenson,Home Office,United States,Los Angeles,California,90049,West,OFF-AP-10000240,Office Supplies,Appliances,Belkin F9G930V10-GRY 9 Outlet Surge,106.96,2,0.0,31.0184,2014-04-15,4,2014,2014-04-15,0,29.000000000000004
7661,CA-2014-105417,Standard Class,VS-21820,Vivek Sundaresam,Consumer,United States,Huntsville,Texas,77340,Central,FUR-FU-10004864,Furniture,Furnishings,"Howard Miller 14-1/2"" Diameter Chrome Round Wall Clock",76.728,3,0.6,-53.7096,2014-01-07,1,2014,2014-01-12,5,-70.0
7664,CA-2017-139493,Standard Class,SG-20605,Speros Goranitis,Consumer,United States,Asheville,North Carolina,28806,South,OFF-AR-10003158,Office Supplies,Art,Fluorescent Highlighters by Dixon,15.92,5,0.2,2.786,2017-09-13,9,2017,2017-09-19,6,17.5
7677,CA-2014-142951,Same Day,JG-15115,Jack Garza,Consumer,United States,Charlotte,North Carolina,28205,South,TEC-AC-10002331,Technology,Accessories,"Maxell 74 Minute CDR, 10/Pack",23.472,3,0.2,4.9878,2014-10-08,10,2014,2014-10-08,0,21.25
7696,CA-2017-107958,First Class,AH-10120,Adrian Hane,Home Office,United States,Houston,Texas,77036,Central,OFF-PA-10000357,Office Supplies,Paper,"White Dual Perf Computer Printout Paper, 2700 Sheets, 1 Part, Heavyweight, 20 lbs., 14 7/8 x 11",163.96,5,0.2,59.4355,2017-07-02,7,2017,2017-07-05,3,36.25
7717,CA-2015-149636,Standard Class,SP-20620,Stefania Perrino,Corporate,United States,Colorado Springs,Colorado,80906,West,OFF-PA-10004041,Office Supplies,Paper,"It's Hot Message Books with Stickers, 2 3/4"" x 5""",29.6,5,0.2,9.25,2015-01-06,1,2015,2015-01-12,6,31.25
7775,CA-2016-152800,First Class,SP-20920,Susan Pistek,Consumer,United States,San Francisco,California,94109,West,OFF-EN-10001509,Office Supplies,Envelopes,Poly String Tie Envelopes,6.12,3,0.0,2.8764,2016-04-13,4,2016,2016-04-15,2,47.0
7811,CA-2016-134334,First Class,DK-13090,Dave Kipp,Consumer,United States,Clinton,Maryland,20735,East,OFF-PA-10000791,Office Supplies,Paper,"Wirebound Message Books, Four 2 3/4 x 5 Forms per Page, 200 Sets per Book",4.77,1,0.0,2.1465,2016-02-14,2,2016,2016-02-15,1,45.00000000000001
7825,CA-2014-125150,Standard Class,PW-19030,Pauline Webber,Corporate,United States,Los Angeles,California,90036,West,FUR-CH-10002439,Furniture,Chairs,"Iceberg Nesting Folding Chair, 19w x 6d x 43h",232.88,5,0.2,17.466,2014-05-16,5,2014,2014-05-23,7,7.500000000000001
7834,CA-2015-128958,Standard Class,CR-12820,Cyra Reiten,Home Office,United States,West Palm Beach,Florida,33407,South,OFF-AR-10004757,Office Supplies,Art,Crayola Colored Pencils,13.12,5,0.2,2.132,2015-01-24,1,2015,2015-01-28,4,16.25
7840,US-2014-137869,Standard Class,CV-12295,Christina VanderZanden,Consumer,United States,Des Moines,Iowa,50315,Central,OFF-EN-10001509,Office Supplies,Envelopes,Poly String Tie Envelopes,6.12,3,0.0,2.8764,2014-03-28,4,2014,2014-04-02,5,47.0
7864,CA-2015-143364,Second Class,TG-21310,Toby Gnade,Consumer,United States,Mesa,Arizona,85204,West,OFF-ST-10002743,Office Supplies,Storage,SAFCO Boltless Steel Shelving,272.736,3,0.2,-64.7748,2015-07-14,7,2015,2015-07-19,5,-23.75
7978,CA-2014-166051,Standard Class,JK-15625,Jim Karlsson,Consumer,United States,Jackson,Mississippi,39212,South,TEC-PH-10002680,Technology,Phones,Samsung Galaxy Note 3,659.97,3,0.0,197.991,2014-05-31,6,2014,2014-06-05,5,30.0
7981,CA-2014-103800,Standard Class,DP-13000,Darren Powers,Consumer,United States,Houston,Texas,77095,Central,OFF-PA-10000174,Office Supplies,Paper,"Message Book, Wirebound, Four 5 1/2"" X 4"" Forms/Pg., 200 Dupl. Sets/Book",16.448,2,0.2,5.5512,2014-01-03,1,2014,2014-01-07,4,33.75
7987,CA-2016-137939,Second Class,PJ-19015,Pauline Johnson,Consumer,United States,Long Beach,New York,11561,East,TEC-PH-10003589,Technology,Phones,invisibleSHIELD by ZAGG Smudge-Free Screen Protector,89.95,5,0.0,43.176,2016-07-20,7,2016,2016-07-23,3,48.0
8037,CA-2015-153738,First Class,AG-10270,Alejandro Grove,Consumer,United States,Lawrence,Massachusetts,1841,East,OFF-BI-10001308,Office Supplies,Binders,GBC Standard Plastic Binding Systems' Combs,37.68,6,0.0,16.956,2015-09-20,9,2015,2015-09-22,2,45.0
8068,US-2015-160563,Standard Class,NS-18640,Noel Staavos,Corporate,United States,San Francisco,California,94109,West,TEC-AC-10002567,Technology,Accessories,Logitech G602 Wireless Gaming Mouse,239.97,3,0.0,86.3892,2015-10-20,10,2015,2015-10-24,4,36.0
8093,CA-2017-143658,Second Class,SR-20425,Sharelle Roach,Home Office,United States,New York City,New York,10035,East,OFF-AR-10002818,Office Supplies,Art,Panasonic KP-310 Heavy-Duty Electric Pencil Sharpener,109.9,5,0.0,32.97,2017-11-08,11,2017,2017-11-13,5,30.0
8102,CA-2015-149846,Standard Class,SB-20185,Sarah Brown,Consumer,United States,Los Angeles,California,90045,West,OFF-LA-10004484,Office Supplies,Labels,Avery 476,8.26,2,0.0,3.7996,2015-05-22,5,2015,2015-05-26,4,46.0
8160,CA-2016-120803,Standard Class,RB-19465,Rick Bensley,Home Office,United States,Milford,Connecticut,6460,East,TEC-AC-10004469,Technology,Accessories,Microsoft Sculpt Comfort Mouse,199.75,5,0.0,87.89,2016-03-09,3,2016,2016-03-13,4,44.0
8231,CA-2016-162355,Second Class,PF-19165,Philip Fox,Consumer,United States,Sandy Springs,Georgia,30328,South,OFF-AR-10004344,Office Supplies,Art,Bulldog Vacuum Base Pencil Sharpener,35.97,3,0.0,9.7119,2016-06-30,7,2016,2016-07-02,2,27.0
8247,CA-2015-129217,Same Day,DP-13390,Dennis Pardue,Home Office,United States,Aurora,Illinois,60505,Central,OFF-AP-10002439,Office Supplies,Appliances,Tripp Lite Isotel 8 Ultra 8 Outlet Metal Surge,70.97,5,0.8,-191.619,2015-05-10,5,2015,2015-05-10,0,-270.0
8281,CA-2017-134810,First Class,MC-17605,Matt Connell,Corporate,United States,Jacksonville,North Carolina,28540,South,OFF-EN-10002504,Office Supplies,Envelopes,"Tyvek  Top-Opening Peel & Seel Envelopes, Plain White",65.232,3,0.2,22.0158,2017-05-09,5,2017,2017-05-10,1,33.75
8302,US-2017-167318,Standard Class,GZ-14545,George Zrebassa,Corporate,United States,Los Angeles,California,90036,West,TEC-AC-10003870,Technology,Accessories,Logitech Z-906 Speaker sys - home theater - 5.1-CH,1649.95,5,0.0,659.98,2017-07-26,8,2017,2017-08-01,6,40.0
8306,CA-2016-128671,Standard Class,MT-18070,Michelle Tran,Home Office,United States,Tulsa,Oklahoma,74133,Central,OFF-PA-10001870,Office Supplies,Paper,Xerox 202,32.4,5,0.0,15.552,2016-08-11,8,2016,2016-08-16,5,48.0
8416,CA-2017-107265,Standard Class,ML-17755,Max Ludwig,Home Office,United States,Marion,Iowa,52302,Central,OFF-PA-10000474,Office Supplies,Paper,Easy-staple paper,106.32,3,0.0,49.9704,2017-04-06,4,2017,2017-04-12,6,47.0
8440,CA-2017-114370,Second Class,BN-11470,Brad Norvell,Corporate,United States,Chicago,Illinois,60623,Central,TEC-PH-10000213,Technology,Phones,Seidio BD2-HK3IPH5-BK DILEX Case and Holster Combo for Apple iPhone 5/5s - Black,49.616,2,0.2,4.9616,2017-03-14,3,2017,2017-03-17,3,10.0
8443,US-2016-155173,Standard Class,JB-16045,Julia Barnett,Home Office,United States,Philadelphia,Pennsylvania,19120,East,TEC-PH-10004586,Technology,Phones,Wilson SignalBoost 841262 DB PRO Amplifier Kit,431.94,2,0.4,-71.99,2016-03-06,3,2016,2016-03-10,4,-16.666666666666664
8461,CA-2014-146500,Standard Class,AT-10735,Annie Thurman,Consumer,United States,Bristol,Connecticut,6010,East,OFF-BI-10002432,Office Supplies,Binders,Wilson Jones Standard D-Ring Binders,25.3,5,0.0,11.891,2014-08-30,9,2014,2014-09-04,5,47.0
8497,CA-2014-169061,Second Class,AB-10150,Aimee Bixby,Consumer,United States,Yonkers,New York,10701,East,OFF-AR-10000588,Office Supplies,Art,Newell 345,59.52,3,0.0,15.4752,2014-03-05,3,2014,2014-03-08,3,25.999999999999996
8545,CA-2016-119074,Standard Class,DS-13180,David Smith,Corporate,United States,Columbus,Georgia,31907,South,FUR-FU-10004053,Furniture,Furnishings,DAX Two-Tone Silver Metal Document Frame,20.24,1,0.0,8.7032,2016-03-27,3,2016,2016-03-31,4,43.00000000000001
8563,CA-2016-123540,Second Class,DJ-13420,Denny Joy,Corporate,United States,Milwaukee,Wisconsin,53209,Central,FUR-CH-10000847,Furniture,Chairs,Global Executive Mid-Back Manager's Chair,1454.9,5,0.0,378.274,2016-04-02,4,2016,2016-04-06,4,26.0
8613,CA-2016-146437,Second Class,HG-14965,Henry Goldwyn,Corporate,United States,Los Angeles,California,90036,West,OFF-AR-10000588,Office Supplies,Art,Newell 345,39.68,2,0.0,10.3168,2016-01-28,2,2016,2016-02-01,4,26.0
8614,CA-2016-138233,Standard Class,PF-19165,Philip Fox,Consumer,United States,Oakland,California,94601,West,TEC-AC-10002001,Technology,Accessories,Logitech Wireless Gaming Headset G930,479.97,3,0.0,177.5889,2016-11-09,11,2016,2016-11-14,5,37.0
8678,CA-2017-141705,First Class,PO-18850,Patrick O'Brill,Consumer,United States,Mansfield,Texas,76063,Central,FUR-TA-10004607,Furniture,Tables,Hon 2111 Invitation Series Straight Table,517.405,5,0.3,-81.3065,2017-10-24,10,2017,2017-10-26,2,-15.714285714285714
8706,US-2014-132745,Standard Class,NF-18475,Neil Französisch,Home Office,United States,Reno,Nevada,89502,West,OFF-FA-10000254,Office Supplies,Fasteners,Sterling Rubber Bands by Alliance,4.71,1,0.0,0.0,2014-10-01,10,2014,2014-10-05,4,0.0
8774,CA-2015-132276,Standard Class,LC-16960,Lindsay Castell,Home Office,United States,New York City,New York,10024,East,OFF-AP-10000804,Office Supplies,Appliances,Hoover Portapower Portable Vacuum,26.88,6,0.0,6.72,2015-02-23,2,2015,2015-02-28,5,25.0
8799,US-2016-150140,Standard Class,VM-21685,Valerie Mitchum,Home Office,United States,Burlington,Vermont,5408,East,TEC-PH-10002555,Technology,Phones,Nortel Meridian M5316 Digital phone,1294.75,5,0.0,336.635,2016-04-06,4,2016,2016-04-10,4,26.0
8800,CA-2014-116666,First Class,KT-16480,Kean Thornton,Consumer,United States,Philadelphia,Pennsylvania,19134,East,TEC-CO-10001449,Technology,Copiers,Hewlett Packard LaserJet 3310 Copier,1799.97,5,0.4,239.996,2014-05-08,5,2014,2014-05-10,2,13.333333333333334
8842,US-2016-112396,Standard Class,JR-16210,Justin Ritter,Corporate,United States,San Francisco,California,94110,West,TEC-AC-10003628,Technology,Accessories,Logitech 910-002974 M325 Wireless Mouse for Web Scrolling,89.97,3,0.0,39.5868,2016-02-09,2,2016,2016-02-13,4,43.99999999999999
8901,CA-2016-150483,Standard Class,BP-11290,Beth Paige,Consumer,United States,Decatur,Illinois,62521,Central,FUR-FU-10001379,Furniture,Furnishings,"Executive Impressions 16-1/2"" Circular Wall Clock",32.064,3,0.6,-12.8256,2016-05-31,6,2016,2016-06-04,4,-40.0
8909,CA-2015-109603,Standard Class,EM-13825,Elizabeth Moffitt,Corporate,United States,Moreno Valley,California,92553,West,OFF-PA-10003790,Office Supplies,Paper,Xerox 1991,182.72,8,0.0,84.0512,2015-01-26,2,2015,2015-02-01,6,46.0
8944,CA-2017-111717,Standard Class,SW-20245,Scot Wooten,Consumer,United States,Aurora,Illinois,60505,Central,FUR-CH-10001545,Furniture,Chairs,Hon Comfortask Task/Swivel Chairs,239.358,3,0.3,-47.8716,2017-10-10,10,2017,2017-10-16,6,-20.0
9010,CA-2017-106047,Standard Class,CS-11860,Cari Schnelling,Consumer,United States,Fairfield,Ohio,45014,East,OFF-PA-10000791,Office Supplies,Paper,"Wirebound Message Books, Four 2 3/4 x 5 Forms per Page, 200 Sets per Book",3.816,1,0.2,1.1925,2017-07-12,7,2017,2017-07-18,6,31.25
9051,CA-2015-165554,Standard Class,AJ-10780,Anthony Jacobs,Corporate,United States,Los Angeles,California,90004,West,OFF-PA-10003724,Office Supplies,Paper,"Wirebound Message Book, 4 per Page",10.86,2,0.0,5.3214,2015-05-18,5,2015,2015-05-22,4,49.0
9063,CA-2016-101623,Standard Class,RR-19525,Rick Reed,Corporate,United States,New York City,New York,10035,East,OFF-FA-10003495,Office Supplies,Fasteners,Staples,36.48,6,0.0,18.24,2016-02-28,3,2016,2016-03-06,7,50.0
9156,CA-2014-102645,Standard Class,IM-15055,Ionia McGrath,Consumer,United States,Las Vegas,Nevada,89115,West,OFF-PA-10001804,Office Supplies,Paper,Xerox 195,40.08,6,0.0,19.2384,2014-01-23,1,2014,2014-01-28,5,48.0
9164,CA-2015-164007,Standard Class,MG-17695,Maureen Gnade,Consumer,United States,Chicago,Illinois,60610,Central,TEC-AC-10003433,Technology,Accessories,Maxell 4.7GB DVD+R 5/Pack,2.376,3,0.2,0.7425,2015-06-08,6,2015,2015-06-12,4,31.250000000000007
9267,CA-2014-125759,First Class,NM-18445,Nathan Mautz,Home Office,United States,North Las Vegas,Nevada,89031,West,FUR-FU-10002111,Furniture,Furnishings,"Master Caster Door Stop, Large Brown",14.56,2,0.0,5.5328,2014-02-08,2,2014,2014-02-09,1,38.0
9314,CA-2015-111948,Same Day,AG-10495,Andrew Gjertsen,Corporate,United States,Detroit,Michigan,48234,Central,OFF-ST-10003282,Office Supplies,Storage,"Advantus 10-Drawer Portable Organizer, Chrome Metal Frame, Smoke Drawers",418.32,7,0.0,117.1296,2015-11-11,11,2015,2015-11-11,0,27.999999999999996
9318,CA-2017-124940,Standard Class,DK-13090,Dave Kipp,Consumer,United States,Carrollton,Texas,75007,Central,TEC-AC-10002076,Technology,Accessories,Microsoft Natural Keyboard Elite,47.904,1,0.2,-2.994,2017-02-21,2,2017,2017-02-26,5,-6.25
9401,CA-2015-167696,Standard Class,BD-11500,Bradley Drucker,Consumer,United States,Newport News,Virginia,23602,South,OFF-EN-10001539,Office Supplies,Envelopes,Staple envelope,31.12,4,0.0,14.6264,2015-09-16,9,2015,2015-09-21,5,47.0
9402,CA-2014-159814,Standard Class,LP-17080,Liz Pelletier,Consumer,United States,Tucson,Arizona,85705,West,FUR-FU-10001731,Furniture,Furnishings,Acrylic Self-Standing Desk Frames,4.272,2,0.2,0.9612,2014-06-24,6,2014,2014-06-28,4,22.5
9418,CA-2014-148285,Standard Class,RD-19810,Ross DeVincentis,Home Office,United States,Fayetteville,North Carolina,28314,South,OFF-PA-10001166,Office Supplies,Paper,Xerox 2,10.368,2,0.2,3.6288,2014-10-27,11,2014,2014-11-01,5,35.0
9464,CA-2014-156545,First Class,JS-16030,Joy Smith,Consumer,United States,Columbus,Ohio,43229,East,OFF-AR-10003560,Office Supplies,Art,Zebra Zazzle Fluorescent Highlighters,19.456,4,0.2,3.4048,2014-02-27,3,2014,2014-03-03,4,17.5
9490,US-2016-102232,Standard Class,MF-17665,Maureen Fritzler,Corporate,United States,Huntsville,Alabama,35810,South,OFF-AR-10000538,Office Supplies,Art,"Boston Model 1800 Electric Pencil Sharpener, Gray",197.05,7,0.0,59.115,2016-08-05,8,2016,2016-08-11,6,30.0
9516,CA-2014-154165,Standard Class,DL-13315,Delfina Latchford,Consumer,United States,Chicago,Illinois,60653,Central,OFF-AR-10003631,Office Supplies,Art,Staples in misc. colors,54.208,14,0.2,8.8088,2014-02-17,2,2014,2014-02-24,7,16.25
9541,CA-2015-135727,Second Class,PS-18970,Paul Stevenson,Home Office,United States,Phoenix,Arizona,85023,West,FUR-CH-10004540,Furniture,Chairs,Global Chrome Stack Chair,191.968,7,0.2,16.7972,2015-05-11,5,2015,2015-05-16,5,8.75
9600,CA-2015-116841,Standard Class,TP-21130,Theone Pippenger,Consumer,United States,Springfield,Oregon,97477,West,OFF-AP-10002403,Office Supplies,Appliances,Acco Smartsocket Color-Coded Six-Outlet AC Adapter Model Surge Protectors,35.208,1,0.2,2.6406,2015-04-14,4,2015,2015-04-18,4,7.500000000000001
9640,CA-2015-116638,Second Class,JH-15985,Joseph Holt,Consumer,United States,Concord,North Carolina,28027,South,FUR-TA-10000198,Furniture,Tables,Chromcraft Bull-Nose Wood Oval Conference Tables & Bases,4297.644,13,0.4,-1862.3124,2015-01-28,1,2015,2015-01-31,3,-43.33333333333333
9697,CA-2014-144281,Second Class,HK-14890,Heather Kirkland,Corporate,United States,Detroit,Michigan,48234,Central,OFF-LA-10003930,Office Supplies,Labels,"Dot Matrix Printer Tape Reel Labels, White, 5000/Box",491.55,5,0.0,240.8595,2014-06-10,6,2014,2014-06-15,5,49.0
9751,CA-2016-113390,Standard Class,EP-13915,Emily Phan,Consumer,United States,Chicago,Illinois,60610,Central,OFF-AR-10003183,Office Supplies,Art,Avery Fluorescent Highlighter Four-Color Set,5.344,2,0.2,0.668,2016-10-11,10,2016,2016-10-15,4,12.5
9765,CA-2014-123855,Standard Class,MC-18100,Mick Crebagga,Consumer,United States,Los Angeles,California,90036,West,TEC-PH-10000215,Technology,Phones,Plantronics Cordless Phone Headset with In-line Volume - M214C,139.8,5,0.2,12.2325,2014-06-18,6,2014,2014-06-23,5,8.75
9766,CA-2017-101959,Standard Class,DB-13660,Duane Benoit,Consumer,United States,Middletown,Connecticut,6457,East,OFF-BI-10001757,Office Supplies,Binders,Pressboard Hanging Data Binders for Unburst Sheets,9.84,2,0.0,4.7232,2017-02-28,3,2017,2017-03-06,6,48.00000000000001
9786,CA-2015-155635,Standard Class,ME-17725,Max Engle,Consumer,United States,Louisville,Kentucky,40214,South,OFF-BI-10000962,Office Supplies,Binders,"Acco Flexible ACCOHIDE Square Ring Data Binder, Dark Blue, 11 1/2"" X 14"" 7/8""",48.81,3,0.0,23.9169,2015-05-09,5,2015,2015-05-13,4,48.99999999999999
9857,CA-2014-120950,Standard Class,GA-14515,George Ashbrook,Consumer,United States,Columbus,Georgia,31907,South,OFF-PA-10000587,Office Supplies,Paper,"Array Parchment Paper, Assorted Colors",43.68,6,0.0,20.9664,2014-11-06,11,2014,2014-11-11,5,48.0
9876,CA-2015-130855,Standard Class,RF-19840,Roy Französisch,Consumer,United States,New York City,New York,10035,East,OFF-SU-10003936,Office Supplies,Supplies,Acme Serrated Blade Letter Opener,6.36,2,0.0,0.0636,2015-12-29,1,2016,2016-01-05,7,1.0
9884,CA-2014-112291,Standard Class,KE-16420,Katrina Edelman,Corporate,United States,Los Angeles,California,90008,West,OFF-EN-10001415,Office Supplies,Envelopes,Staple envelope,11.16,2,0.0,5.58,2014-04-03,4,2014,2014-04-08,5,50.0
9938,CA-2016-164889,Second Class,CP-12340,Christine Phan,Corporate,United States,Los Angeles,California,90049,West,FUR-TA-10001676,Furniture,Tables,Hon 61000 Series Interactive Training Tables,71.088,2,0.2,-1.7772,2016-06-03,6,2016,2016-06-06,3,-2.5
9945,CA-2015-145415,Second Class,RD-19660,Robert Dilbeck,Home Office,United States,Seattle,Washington,98103,West,OFF-ST-10000419,Office Supplies,Storage,"Rogers Jumbo File, Granite",40.74,3,0.0,0.4074,2015-04-12,4,2015,2015-04-17,5,0.9999999999999999
9990,CA-2014-110422,Second Class,TB-21400,Tom Boeckenhauer,Consumer,United States,Miami,Florida,33180,South,FUR-FU-10001889,Furniture,Furnishings,Ultra Door Pull Handle,25.248,3,0.2,4.1028,2014-01-21,1,2014,2014-01-23,2,16.25
